,역명,6시00분,6시30분,7시00분,7시30분,8시00분,8시30분,9시00분,9시30분,10시00분,10시30분,11시00분,11시30분,12시00분,12시30분,13시00분,13시30분,14시00분,14시30분,15시00분,15시30분,16시00분,16시30분,17시00분,17시30분,18시00분,18시30분,19시00분,19시30분,20시00분,20시30분,21시00분,21시30분,22시00분,22시30분,23시00분,23시30분
0,가락시장역,15.55,14.02,16.52,18.6,26.22,29.5,33.85,37.9,38.35,40.25,38.97,43.05,42.4,51.3,49.47,48.05,44.72,49.0,51.2,51.88,56.55,56.4,56.82,52.32,48.28,43.55,39.85,33.52,32.83,35.5,39.35,33.75,34.72,29.42,23.1,16.52
1,가산디지털단지역,17.05,15.88,13.72,16.42,23.1,25.48,29.28,31.42,30.35,29.7,32.78,32.1,30.22,35.1,34.28,32.4,32.65,34.8,33.78,37.98,39.9,42.78,43.0,39.8,38.55,32.1,29.75,27.8,25.4,25.0,25.08,27.42,23.5,22.8,22.4,12.2
2,강남구청역,21.22,16.65,17.77,21.1,24.92,27.92,33.35,33.6,31.12,33.47,35.85,38.88,39.83,41.02,40.33,41.02,39.15,42.0,41.62,45.42,49.02,56.55,50.2,49.78,44.62,40.25,37.6,32.2,31.75,34.75,32.45,30.55,30.72,27.4,24.15,16.55
3,강남역,14.48,13.1,13.38,15.52,20.95,26.65,31.9,31.15,35.95,34.28,36.8,43.45,42.92,43.28,44.97,48.72,44.25,45.25,49.4,47.35,56.82,55.6,53.22,47.55,45.3,45.58,39.6,32.5,35.85,41.15,41.38,41.15,41.8,34.85,31.58,21.18
4,강동구청역,13.55,12.1,14.63,14.63,22.22,23.2,30.9,31.85,28.95,28.75,28.05,31.68,30.12,36.35,33.9,35.15,33.4,35.42,34.62,36.75,38.4,41.05,39.92,37.78,39.28,30.4,28.17,25.08,23.2,24.48,25.67,25.25,26.02,18.3,14.55,11.7
5,강동역,12.22,11.18,15.48,17.77,25.15,25.05,35.15,28.38,32.1,37.25,34.67,33.62,37.92,43.7,37.83,39.55,40.65,37.25,39.2,46.3,46.68,45.0,49.1,40.45,36.83,35.3,32.22,22.5,26.45,33.62,25.72,28.88,26.3,23.22,14.82,13.52
6,강변역,9.5,6.9,8.05,11.05,16.77,17.5,20.4,22.8,24.48,23.72,29.1,32.22,30.55,35.83,33.6,33.42,32.83,32.2,36.22,39.38,37.9,40.8,41.05,35.38,33.92,35.22,32.48,28.05,22.78,30.08,28.52,27.75,26.98,19.55,20.1,16.3
7,강일역,9.72,9.05,8.85,12.1,16.58,19.45,22.45,21.62,25.68,23.7,22.02,23.0,24.05,24.95,25.33,23.85,23.58,24.02,24.83,25.78,27.1,27.52,27.28,27.42,24.88,29.75,20.45,17.82,16.82,15.95,17.65,15.52,17.05,15.85,11.68,15.1
8,개롱역,7.6,7.0,8.52,10.98,15.92,15.68,19.3,18.68,19.38,18.95,17.8,18.95,20.62,19.82,22.62,19.48,18.68,18.62,19.42,21.67,21.2,20.55,21.95,17.58,18.82,16.88,13.6,12.08,10.1,11.65,11.68,10.35,10.73,8.78,8.48,5.7
9,개화산역,1.75,1.52,1.5,2.05,2.52,3.08,3.35,3.47,3.35,3.25,3.7,3.48,3.82,3.5,3.78,3.65,3.35,3.38,3.42,3.4,3.78,3.55,3.82,3.12,3.18,2.82,2.55,1.9,1.92,1.75,1.9,1.68,2.02,1.48,1.12,1.02
10,거여역,5.07,4.6,6.1,7.45,10.48,11.2,13.68,13.15,13.55,13.1,12.08,12.7,13.05,12.75,13.65,12.18,11.98,11.7,11.72,13.1,12.35,11.72,11.68,10.48,9.72,8.75,8.18,6.3,5.68,5.9,5.85,5.18,6.32,4.62,4.25,2.55
11,건대입구역,25.4,19.62,20.55,27.18,30.52,33.78,40.95,38.72,35.85,34.15,39.78,39.1,38.45,42.38,40.75,40.25,37.58,41.98,42.25,46.68,52.65,54.38,52.05,53.42,46.38,45.15,42.7,35.78,36.95,39.1,39.5,39.33,38.6,32.22,32.2,24.02
12,경복궁역,12.18,10.95,11.8,16.15,22.28,25.85,30.02,33.95,31.58,32.35,34.8,34.52,34.08,37.0,33.57,37.38,36.95,40.12,37.62,43.18,42.78,47.58,46.0,45.28,40.7,39.17,32.15,27.42,26.25,30.12,29.7,27.0,27.95,21.32,19.55,12.08
13,경찰병원역,3.1,1.5,1.8,1.6,2.2,3.0,3.25,3.25,3.4,4.0,2.9,3.7,4.85,4.0,4.9,4.75,3.95,4.05,5.5,6.0,5.7,6.55,7.95,7.8,5.5,6.45,4.65,5.1,4.9,5.25,5.0,5.15,5.55,7.2,5.25,3.65
14,고덕역,8.43,14.23,13.9,16.52,22.75,28.22,31.68,27.33,34.35,33.35,32.72,33.12,35.33,36.22,36.33,34.72,34.15,35.17,36.28,37.28,39.2,42.65,39.6,40.03,35.3,31.83,29.83,22.4,24.55,23.12,25.75,21.98,26.15,21.68,17.75,13.75
15,고려대역,9.0,8.73,9.8,12.58,18.32,20.83,22.58,22.05,22.92,22.65,21.95,24.45,25.05,26.6,28.55,28.65,27.1,26.08,25.9,26.28,28.45,27.85,29.45,27.82,25.78,25.0,19.05,17.75,16.25,16.95,18.67,19.7,16.27,15.0,15.73,12.72
16,고속터미널역,21.35,13.92,16.08,18.27,23.1,26.17,30.52,31.1,29.85,31.48,33.78,38.72,36.15,38.9,39.9,38.02,37.07,41.2,40.53,44.92,44.08,59.2,48.0,50.55,43.35,40.98,37.15,33.1,34.22,37.6,36.15,33.3,31.68,29.72,23.02,15.3
17,공덕역,9.45,8.85,10.98,12.02,16.05,18.6,23.65,24.72,25.68,28.35,30.17,31.75,33.45,37.8,36.65,37.45,37.12,39.02,38.38,39.03,41.82,43.08,42.4,38.12,35.67,29.62,24.95,22.78,21.05,22.85,23.38,22.92,23.75,21.58,18.75,11.1
18,공릉역,15.72,13.88,16.1,19.85,25.05,28.02,32.52,33.15,31.6,29.78,28.67,32.17,29.75,31.4,31.28,31.0,31.25,29.82,33.35,33.2,35.45,36.83,38.55,34.1,31.38,26.75,25.3,22.95,19.88,22.28,24.0,20.32,21.48,17.38,16.38,15.3
19,광나루역,19.15,14.08,15.6,19.62,26.35,29.3,34.05,35.47,37.22,36.95,37.0,41.08,40.05,43.95,44.97,40.92,42.6,44.08,44.68,47.28,51.45,52.98,52.97,48.75,45.95,35.95,33.1,30.22,29.88,35.58,32.05,36.22,28.08,26.58,20.1,18.62
20,광명사거리역,14.15,15.22,13.9,16.7,19.6,24.9,27.83,26.52,27.7,29.18,28.0,27.38,29.85,29.45,27.85,29.33,30.65,26.3,30.65,33.08,32.83,33.75,37.28,31.05,30.08,26.15,25.2,21.78,19.25,20.65,19.92,20.65,18.77,18.67,15.92,8.68
21,광화문역,8.57,7.38,9.73,10.12,13.55,15.25,19.05,20.4,20.9,24.02,25.4,26.65,28.95,32.25,32.75,32.83,33.12,36.28,37.1,38.78,41.58,45.38,43.0,38.7,36.4,30.08,25.92,24.7,23.3,28.58,26.2,21.9,21.17,17.6,15.22,7.78
22,광흥창역,7.8,5.48,7.55,8.28,11.22,13.52,16.02,17.48,18.1,19.15,19.27,21.42,22.58,27.48,25.12,25.52,24.68,25.18,25.45,27.65,28.62,30.83,30.35,30.93,26.58,24.22,21.5,18.17,17.9,17.23,19.3,18.7,21.38,19.65,15.98,10.62
23,교대역,16.9,14.85,14.4,17.82,23.65,31.4,38.7,36.58,38.58,39.68,37.45,48.0,44.38,44.9,50.75,51.02,46.0,49.2,48.52,48.12,59.38,58.88,54.15,50.22,48.55,49.6,42.72,36.88,38.55,41.82,45.28,43.12,42.85,37.68,30.82,22.65
24,구로디지털단지역,19.2,14.73,14.55,16.27,25.95,26.28,32.8,34.25,32.28,35.58,33.3,37.78,36.08,39.98,43.8,41.78,37.1,41.7,37.58,38.2,49.72,50.22,43.08,41.6,40.65,40.55,31.25,32.7,31.72,27.3,36.33,31.13,35.55,36.95,28.88,28.52
25,구산역,6.6,6.35,8.3,10.15,13.35,14.8,17.75,18.65,20.6,19.2,18.95,19.55,21.25,22.2,22.85,21.3,22.9,21.55,22.2,22.3,22.3,25.3,23.95,21.25,19.45,17.15,12.95,12.45,11.55,10.6,10.8,9.4,10.6,10.25,5.35,3.15
26,구의역,10.65,8.02,9.02,12.12,17.8,18.48,21.1,22.75,25.25,24.58,29.22,32.62,31.7,36.2,35.42,34.5,33.85,32.12,38.9,40.03,38.88,42.3,41.45,37.55,32.9,36.35,32.85,28.3,23.05,29.85,28.15,27.5,26.52,20.1,21.05,17.95
27,구파발역,11.05,6.15,7.58,9.57,14.95,15.32,20.45,17.2,20.6,21.5,22.95,16.18,23.65,16.83,22.75,17.17,25.65,17.65,23.82,18.83,28.28,20.82,28.3,19.52,21.3,22.67,13.25,18.12,11.62,16.48,16.98,13.72,14.3,14.1,10.45,1.78
28,군자역,26.63,21.25,23.8,29.2,36.0,40.52,48.82,45.1,41.1,41.75,42.98,43.82,42.9,47.38,46.5,45.8,43.55,47.42,45.1,48.85,49.42,60.28,54.8,53.97,48.38,46.27,38.88,34.25,34.6,36.58,37.62,36.88,34.67,28.18,27.92,19.62
29,굽은다리역,12.2,15.0,17.62,21.15,31.82,32.6,38.85,36.65,41.22,41.8,42.1,41.9,42.72,47.28,44.48,45.02,43.08,43.47,45.55,46.15,50.35,52.42,47.92,48.08,42.62,41.7,35.0,28.98,30.17,28.12,29.15,28.38,31.28,27.28,16.12,23.6
30,금호역,11.62,9.72,10.02,12.5,19.55,24.55,29.55,29.55,30.88,33.2,36.58,37.62,36.15,41.02,36.3,42.6,42.32,39.1,41.38,44.52,44.82,48.8,47.92,45.32,45.55,37.0,29.05,28.62,27.28,31.25,27.1,24.65,27.08,20.1,16.33,12.82
31,길동역,13.27,16.5,20.08,21.58,34.02,33.4,42.22,37.0,44.2,44.85,45.92,45.6,45.98,51.0,48.65,49.02,47.45,46.9,49.5,51.62,55.32,57.55,52.42,52.98,46.95,46.58,38.45,32.25,33.35,31.22,32.22,31.95,31.85,30.5,18.28,26.45
32,길음역,17.32,16.62,15.82,19.38,28.12,33.17,38.6,36.72,36.85,37.58,37.22,35.2,30.75,35.7,32.22,34.22,30.58,33.4,32.6,35.67,34.97,38.55,39.7,39.67,35.0,37.62,33.6,32.12,27.2,30.9,30.25,31.38,28.48,26.0,25.8,19.8
33,김포공항역,2.78,2.25,2.33,3.02,4.55,5.3,5.93,6.3,5.9,5.95,6.4,6.12,7.15,7.15,7.22,7.68,7.2,7.15,7.5,7.4,7.92,8.57,8.7,8.12,7.7,7.48,6.92,5.15,5.68,5.03,5.38,5.1,6.05,4.52,4.15,2.58
34,까치산역,11.2,10.3,10.62,13.75,18.9,21.15,24.8,24.8,24.15,25.08,25.4,26.72,28.18,29.38,28.85,27.92,27.88,26.83,26.78,27.72,28.08,31.45,28.95,27.33,25.7,23.15,20.85,17.4,16.98,16.17,17.5,15.52,16.35,13.8,12.95,11.08
35,낙성대역,19.8,18.62,19.23,19.52,28.15,35.58,40.38,42.78,42.1,37.52,37.6,47.2,41.45,43.38,53.1,47.92,42.02,48.7,43.48,44.8,58.15,58.42,47.58,49.28,49.47,45.4,40.88,35.58,36.35,36.6,42.9,39.7,43.22,38.72,34.15,26.1
36,남구로역,19.25,15.85,14.37,17.2,23.58,26.35,29.88,31.02,30.32,29.0,31.75,32.7,30.58,35.55,34.22,33.17,31.75,33.83,32.88,36.25,36.47,41.05,39.42,36.88,34.75,29.7,25.9,24.85,23.7,22.15,24.08,23.85,21.35,20.95,19.47,10.88
37,남부터미널역,10.15,9.32,8.4,9.43,14.82,18.33,20.12,20.95,21.45,22.82,24.42,26.85,25.12,27.3,28.48,26.52,27.65,25.32,27.85,28.12,31.2,33.9,33.83,31.82,31.25,23.38,21.15,18.35,21.18,19.2,20.18,16.68,19.4,14.62,11.08,7.0
38,남성역,21.0,17.0,16.85,18.45,26.88,30.8,34.45,33.3,32.2,31.58,32.22,35.28,36.62,40.12,37.58,34.83,34.52,34.33,36.67,38.62,38.45,47.45,42.0,38.33,33.85,33.85,26.28,25.4,24.08,26.58,28.58,24.88,23.25,23.15,18.98,12.65
39,남위례역,4.4,5.15,5.55,7.25,9.75,11.35,14.7,15.75,16.05,13.15,14.05,15.3,16.6,16.95,16.5,17.25,16.05,16.25,17.25,17.35,17.6,17.4,18.05,16.7,16.35,16.2,13.85,12.6,12.2,11.35,15.15,12.75,11.9,9.5,9.6,6.0
40,남태령역,19.85,17.48,20.15,20.95,25.78,42.92,51.1,73.15,61.37,71.45,58.6,60.28,56.05,49.62,50.3,50.02,51.7,43.92,53.0,56.78,55.35,55.62,66.0,55.1,70.03,72.7,46.68,40.25,39.52,35.3,37.15,44.1,36.4,31.95,30.02,26.08
41,남한산성입구역,6.85,6.28,7.02,9.15,12.18,13.22,14.62,14.8,13.75,14.48,13.48,13.73,14.62,15.3,16.85,15.1,14.42,14.4,14.7,15.3,16.15,16.35,14.88,14.3,13.12,11.12,10.45,8.8,8.0,8.15,9.8,8.82,8.48,7.68,6.65,5.2
42,내방역,27.02,17.15,18.82,20.8,27.0,30.7,37.85,36.98,35.3,36.33,36.72,41.82,41.08,44.88,44.1,41.68,40.52,43.38,42.6,47.05,45.0,59.02,47.62,49.18,40.93,39.1,34.38,30.65,30.2,33.3,33.42,30.35,28.08,27.9,20.95,13.25
43,노원역,10.73,9.58,10.92,14.25,16.52,19.68,21.92,23.85,20.7,22.1,19.23,20.0,20.25,20.25,20.65,21.2,21.22,20.62,23.92,22.22,25.42,26.1,25.38,22.45,21.92,18.22,16.25,15.5,14.12,15.35,16.02,13.3,14.35,11.4,12.2,10.85
44,녹번역,13.28,9.32,11.38,14.45,20.7,24.88,26.58,28.78,28.3,28.32,33.58,27.62,27.72,29.18,28.8,29.1,29.68,29.98,27.1,31.22,32.88,35.62,32.83,31.7,29.08,28.58,23.55,20.62,20.03,20.85,23.62,21.42,19.38,17.15,15.58,10.1
45,녹사평역,8.7,6.78,8.6,9.35,12.85,14.75,16.88,18.95,20.1,21.85,22.4,24.15,24.95,28.85,28.42,29.12,27.3,27.65,28.58,31.6,33.67,35.3,34.33,33.58,30.48,27.95,22.85,21.18,21.75,19.4,24.6,21.98,23.22,19.98,19.68,10.3
46,논현역,24.35,17.02,16.98,19.73,23.38,26.05,31.6,33.15,31.95,33.02,34.58,40.42,38.38,40.98,41.45,41.05,38.2,42.2,41.15,44.88,46.62,54.48,46.15,48.9,41.4,38.53,34.22,29.98,31.05,32.48,30.6,29.92,28.75,26.92,23.52,15.9
47,단대오거리역,5.15,5.0,4.88,6.8,8.48,9.52,10.72,11.15,10.72,10.82,10.52,10.48,11.4,12.0,13.12,12.25,11.9,11.12,10.9,11.9,12.02,12.52,11.18,11.12,10.2,8.52,7.9,6.05,5.92,5.98,7.2,5.88,5.68,5.55,4.22,3.58
48,답십리역,14.92,11.88,14.48,18.05,21.82,24.33,30.12,31.7,31.82,34.9,35.3,35.83,38.4,42.3,40.7,40.05,39.5,41.0,41.18,44.62,46.28,47.92,47.9,43.15,38.83,34.72,29.05,25.12,24.95,30.05,29.1,28.05,26.78,23.42,20.58,15.8
49,당고개역,2.35,1.82,2.0,3.35,3.62,4.78,4.4,4.72,5.9,5.12,5.62,4.78,4.22,4.95,4.72,4.22,5.62,4.25,5.18,4.62,4.72,4.3,4.82,7.3,3.98,4.5,3.85,2.55,3.22,5.15,1.75,3.82,2.62,2.4,3.8,1.58
50,당산역,16.35,10.65,12.58,15.85,22.3,25.75,29.02,29.9,33.8,33.55,36.4,41.35,40.62,53.65,46.98,47.62,49.42,45.9,46.4,49.42,54.28,57.75,53.78,56.65,46.3,47.98,39.12,39.7,38.0,37.53,44.42,40.22,44.58,36.72,40.05,23.35
51,대림역,19.92,14.72,15.02,16.77,26.28,27.02,33.28,35.92,33.05,36.55,34.4,38.12,37.47,43.28,44.5,44.32,39.65,45.02,38.92,42.48,47.1,56.6,44.6,44.0,43.62,42.68,33.0,34.92,32.4,29.15,37.03,33.28,34.72,39.1,30.65,32.78
52,대청역,6.75,4.62,5.05,5.35,7.82,9.48,10.38,11.95,11.32,11.32,11.38,12.25,12.2,12.77,13.65,12.18,10.88,11.52,12.38,13.85,14.62,12.18,15.85,14.08,12.75,10.68,8.3,7.52,8.57,7.4,8.07,7.15,6.55,8.82,4.92,4.85
53,대치역,5.98,5.6,5.15,5.92,8.5,9.95,11.3,11.95,12.08,12.52,12.4,13.75,12.9,14.28,15.27,13.88,12.82,13.0,13.8,15.6,16.08,14.78,17.95,16.4,15.3,12.58,10.07,8.82,10.1,8.68,9.5,8.65,8.5,10.2,5.55,4.85
54,대흥역,7.82,5.52,7.78,8.45,11.5,13.7,16.17,17.48,17.25,19.62,19.35,22.05,22.78,27.75,26.12,25.38,24.25,26.32,25.83,27.62,29.72,31.12,31.4,31.48,27.28,25.02,21.52,18.1,18.65,17.75,20.18,19.47,21.95,19.62,16.52,9.57
55,도곡역,6.95,6.2,5.72,6.42,9.82,12.12,13.25,14.3,13.9,14.22,14.12,16.1,14.23,17.42,18.8,15.62,15.48,15.08,16.5,17.92,18.3,18.33,18.02,20.23,17.75,14.15,11.3,9.95,11.32,10.3,10.28,10.3,9.6,11.22,6.28,5.45
56,도림천역,10.27,9.57,7.8,9.78,14.12,16.6,16.48,19.0,19.27,18.35,18.2,21.12,21.28,21.67,20.72,22.02,21.5,20.1,20.65,21.62,23.95,24.72,23.7,26.22,24.45,20.72,17.62,16.55,15.85,14.8,15.1,16.55,14.4,17.02,14.8,7.52
57,도봉산역,2.8,2.62,3.62,4.42,5.72,6.95,6.88,7.38,5.72,6.12,6.15,5.92,5.32,6.25,5.72,6.85,6.1,6.92,7.7,7.0,8.17,8.0,6.78,5.8,6.02,4.1,3.28,2.9,2.45,2.08,2.45,1.85,1.52,1.52,1.68,1.62
58,독립문역,13.52,10.58,12.22,16.1,22.58,25.55,29.48,33.15,31.17,31.3,35.2,31.3,32.95,32.62,31.48,33.45,34.92,33.48,33.12,35.75,39.78,39.42,38.72,37.62,35.35,34.5,27.22,24.65,22.78,27.22,26.42,24.78,25.3,19.48,17.97,11.08
59,독바위역,2.75,3.4,3.35,4.5,6.4,6.35,8.5,9.25,9.9,8.55,9.35,9.2,10.2,11.15,10.85,10.85,11.4,11.35,11.55,12.3,13.05,13.8,14.55,13.7,12.85,11.4,10.1,8.45,7.5,7.5,8.15,7.4,10.0,9.45,6.5,4.7
60,돌곶이역,6.7,7.4,8.07,10.58,13.92,16.32,17.75,17.73,17.82,17.45,17.67,18.58,20.7,20.72,23.12,21.85,21.15,20.67,19.52,20.27,21.62,20.98,22.05,20.2,20.7,19.83,14.9,13.12,12.18,12.82,13.6,13.75,12.2,10.68,11.15,8.38
61,동대문역,20.65,17.77,17.73,21.8,34.05,36.58,45.32,43.32,44.38,43.75,47.38,45.92,41.32,50.35,47.22,51.72,41.08,51.47,43.55,54.2,48.78,62.8,61.22,57.98,59.53,49.92,45.32,43.88,45.25,46.97,45.65,43.08,40.95,38.9,41.08,26.12
62,동대문역사문화공원역,17.05,14.65,14.7,17.73,28.52,31.65,38.92,38.45,39.78,39.58,43.85,43.52,42.4,47.6,43.58,47.7,44.75,47.3,46.92,56.65,46.78,56.15,55.85,52.82,55.92,48.08,45.4,41.78,42.92,45.08,43.2,39.98,38.38,36.02,35.28,26.75
63,동대입구역,9.9,7.9,9.4,11.15,15.68,21.72,26.0,25.05,26.92,28.38,32.47,31.82,32.8,35.65,32.58,37.2,39.48,35.3,37.3,38.9,39.17,47.98,44.05,42.2,44.2,35.28,28.28,25.68,24.75,28.4,24.55,23.32,25.8,18.7,15.3,10.52
64,동묘앞역,11.35,10.48,12.42,14.45,20.8,23.4,25.78,26.25,27.82,25.25,28.02,30.22,34.72,36.38,35.08,36.7,38.12,35.7,36.43,36.6,39.42,40.95,41.8,41.68,36.92,33.58,27.92,24.25,24.2,23.38,25.85,25.45,25.83,23.02,23.8,13.62
65,동작역,12.8,8.45,9.05,12.32,17.3,19.58,25.05,30.7,29.33,31.8,33.03,32.4,30.72,30.02,31.62,27.22,29.68,28.58,32.95,30.8,33.67,35.85,36.18,35.2,37.45,38.08,29.28,25.67,24.4,23.98,26.4,25.38,21.28,22.28,21.88,19.05
66,둔촌동역,13.3,10.45,14.95,18.0,23.55,25.55,30.98,26.8,33.2,31.52,28.83,33.55,34.15,39.1,41.38,37.88,35.08,36.92,40.12,43.95,47.12,48.08,49.68,38.0,39.4,28.92,27.05,22.32,24.78,47.08,29.2,36.67,24.08,18.3,16.92,9.88
67,디지털미디어시티역,8.8,8.25,10.65,13.02,17.92,20.2,25.1,26.82,25.8,25.02,23.42,24.98,27.58,28.75,28.1,27.78,28.0,27.83,28.42,29.37,31.02,35.75,33.15,34.05,28.28,26.75,24.22,21.62,19.2,19.58,18.83,21.28,25.5,24.17,16.8,12.22
68,뚝섬역,8.05,7.35,7.88,10.4,15.5,16.98,19.45,21.0,18.2,21.95,28.6,28.48,30.5,33.98,33.08,33.15,32.6,36.2,39.17,43.08,37.88,41.7,42.85,36.9,39.72,34.95,31.6,30.18,27.1,26.95,31.52,28.0,28.68,25.15,25.25,14.85
69,뚝섬유원지역,24.75,18.7,19.55,25.15,29.48,33.0,40.48,39.75,35.5,34.92,38.42,41.58,40.55,41.15,41.38,40.58,38.38,40.5,42.18,44.18,47.0,53.18,49.0,48.6,41.58,39.33,36.83,30.58,29.92,31.7,31.98,30.35,29.68,24.8,23.95,14.58
70,마곡역,6.43,4.82,4.97,5.82,8.2,9.12,10.45,11.25,10.65,11.3,11.52,12.25,12.7,13.05,13.5,13.08,12.98,13.22,13.65,13.95,14.42,15.4,14.95,13.42,12.92,11.2,11.23,8.48,8.33,8.0,7.63,7.4,8.0,6.5,5.78,3.12
71,마들역,8.48,7.9,8.52,12.1,13.35,17.15,18.58,20.8,18.32,18.23,16.8,16.58,16.52,16.85,16.15,16.85,17.1,16.23,17.9,17.12,20.25,19.48,19.17,16.23,16.52,13.05,11.6,10.6,9.48,9.95,10.92,9.32,8.6,7.45,7.28,6.15
72,마장역,14.62,11.08,14.63,17.92,21.55,24.52,28.98,32.22,32.17,34.58,36.0,37.2,38.08,42.5,41.62,40.9,39.88,41.65,43.18,44.7,46.65,49.48,48.92,44.05,40.47,35.95,30.62,26.95,27.35,30.02,30.15,29.72,27.75,24.88,21.35,14.2
73,마천역,2.03,1.92,2.52,3.12,4.25,3.9,4.92,4.45,4.53,3.92,4.25,4.43,4.38,4.05,4.32,3.3,3.7,3.48,3.5,3.88,3.88,3.38,3.3,2.85,2.82,1.6,1.35,1.12,1.45,1.15,0.88,0.52,0.9,0.48,0.65,0.15
74,마포구청역,9.93,8.88,11.62,13.32,19.17,21.02,25.42,27.88,27.32,27.72,25.48,27.92,28.55,31.7,30.5,30.33,30.3,29.38,30.75,32.2,33.5,36.6,35.58,35.25,29.42,28.17,24.02,22.1,20.7,19.27,20.55,21.28,25.88,22.15,15.52,11.92
75,마포역,10.1,8.88,10.9,12.42,16.77,18.45,23.42,25.17,24.62,27.9,29.2,30.92,33.17,36.45,36.82,37.88,37.02,39.83,38.28,40.08,42.47,44.62,43.8,39.18,37.75,32.75,26.38,24.3,23.48,25.02,24.62,20.62,19.55,17.18,15.58,9.12
76,망원역,10.62,9.22,12.0,14.15,19.02,22.15,27.4,28.98,28.8,28.8,26.4,29.35,29.17,35.25,33.7,32.67,33.52,32.7,34.25,36.67,37.58,41.58,40.7,39.22,33.42,31.92,27.92,26.22,24.92,23.38,25.28,25.72,32.38,26.65,18.4,14.6
77,매봉역,7.95,6.78,6.35,6.92,10.98,13.15,14.35,15.48,15.62,15.82,16.23,18.05,16.02,19.62,20.78,18.2,16.92,17.15,18.4,20.25,20.52,21.05,20.45,22.1,19.45,15.45,12.73,11.52,12.32,11.97,11.98,11.15,13.3,10.45,6.92,5.65
78,먹골역,17.45,15.3,17.8,21.5,27.3,29.7,34.95,33.72,32.43,30.52,30.22,32.45,31.32,32.82,33.75,31.67,32.3,31.38,33.57,34.38,36.5,39.5,41.1,35.92,34.28,29.48,26.88,24.65,22.18,24.0,25.9,23.08,22.95,19.27,18.4,16.85
79,면목역,24.2,19.55,22.7,26.88,33.12,37.2,43.1,39.35,39.85,36.3,37.8,39.3,37.83,40.38,41.32,39.25,39.42,37.78,38.72,42.05,44.72,48.22,49.9,45.18,41.2,37.78,33.3,29.08,28.55,30.17,31.45,27.88,28.4,23.12,23.12,20.4
80,명동역,11.5,10.48,11.42,13.65,21.75,22.3,32.17,32.48,32.42,35.83,38.88,38.15,34.33,38.2,34.9,39.25,32.38,37.15,34.83,41.58,39.98,44.82,44.02,42.4,47.8,42.2,39.83,35.5,36.45,33.1,34.6,31.1,29.25,26.4,27.28,17.2
81,명일역,10.8,13.92,15.92,19.25,26.38,29.22,35.38,33.15,37.08,37.48,37.17,37.17,39.85,41.95,40.9,40.5,38.5,39.38,41.05,41.72,44.82,46.92,43.38,44.22,38.72,35.75,34.1,24.88,26.92,25.58,25.98,25.78,28.4,24.95,18.27,14.77
82,모란역,0.5,1.15,0.9,0.65,0.9,1.3,1.55,1.3,2.0,1.7,1.5,1.8,2.0,2.5,2.95,2.75,2.85,2.85,2.95,3.1,3.4,2.75,3.0,3.65,4.05,4.2,3.4,2.55,2.0,2.65,3.15,2.95,2.0,2.55,1.25,1.35
83,목동역,11.92,10.95,12.45,15.5,20.75,22.55,27.15,27.0,27.12,28.38,28.52,29.52,31.38,31.95,32.95,32.03,31.95,29.83,31.65,32.22,32.85,36.2,35.85,31.92,30.9,27.2,25.22,21.58,20.55,20.82,23.25,20.4,19.35,18.0,15.35,14.35
84,몽촌토성역,13.65,12.42,14.65,15.28,22.32,24.12,30.4,33.12,29.58,29.25,28.92,32.3,31.32,38.25,33.57,38.08,33.7,38.3,36.42,39.9,41.05,41.18,44.9,41.5,40.5,32.48,30.48,27.05,25.1,28.45,27.08,28.33,28.35,20.58,15.18,11.6
85,무악재역,13.45,10.1,12.42,15.58,23.95,25.15,29.12,33.1,30.82,29.3,37.08,30.78,31.92,31.68,30.5,32.47,33.85,32.35,32.1,34.45,38.55,37.98,37.55,36.45,34.28,33.48,26.45,24.15,22.25,26.68,25.98,25.12,24.12,19.7,17.75,11.08
86,문래역,18.7,12.45,13.45,15.8,22.58,27.2,30.58,28.95,34.53,31.58,35.62,40.45,38.08,48.78,44.32,46.18,46.5,43.28,43.9,46.6,54.35,53.38,52.9,52.48,44.32,45.8,38.0,38.25,37.42,35.95,45.58,40.6,41.45,40.0,44.52,21.62
87,문정역,14.55,13.18,14.75,18.02,23.62,29.2,31.95,34.28,35.28,33.88,35.38,36.5,39.88,45.45,43.1,41.88,41.05,44.05,45.6,47.05,51.18,51.62,50.95,47.78,44.25,39.72,35.0,30.05,29.8,31.6,35.97,30.2,31.25,25.35,19.77,14.45
88,미사역,7.93,7.02,7.0,9.25,12.72,16.02,17.95,17.08,20.35,18.55,17.35,18.15,18.27,18.7,19.52,19.15,18.6,18.55,19.12,19.77,20.85,20.75,19.92,19.35,17.62,18.35,15.08,13.38,11.75,11.45,12.48,11.58,12.98,11.98,8.5,9.05
89,미아삼거리역,17.15,15.48,16.32,19.23,26.15,32.9,36.12,33.83,34.65,35.35,33.08,33.25,27.95,32.18,30.7,32.05,29.4,30.15,30.5,32.38,32.02,36.33,35.38,35.12,33.17,35.93,29.3,29.62,25.1,29.52,27.48,28.7,26.68,24.12,23.85,18.7
90,미아역,16.08,14.2,14.85,17.73,24.12,30.4,33.33,33.2,31.9,33.1,30.85,31.32,27.1,29.48,28.78,29.35,27.52,26.92,28.85,28.48,30.58,33.8,35.8,31.2,33.62,31.4,27.52,28.6,24.85,26.25,27.72,24.6,26.12,24.33,21.0,19.58
91,반포역,23.62,15.68,16.48,18.9,23.52,25.92,31.52,33.48,31.85,32.53,33.95,41.05,36.88,39.8,40.38,39.83,35.83,41.22,39.12,42.75,44.22,53.9,44.53,46.95,39.12,37.05,32.78,28.8,29.58,29.92,29.0,27.58,26.67,24.5,20.98,12.92
92,발산역,7.3,5.58,5.68,6.65,9.07,10.28,11.82,12.62,12.0,12.8,13.25,13.8,15.22,15.35,16.55,16.25,16.7,16.7,17.42,17.8,17.85,19.62,18.0,17.08,16.4,13.6,13.7,10.78,10.75,10.4,10.38,10.1,11.62,9.05,7.93,5.75
93,방배역,20.23,16.82,17.95,19.5,28.1,33.3,40.6,41.92,41.18,39.83,40.67,46.18,43.15,46.08,51.68,51.02,45.48,50.05,48.1,47.35,58.95,59.3,51.25,51.68,49.82,47.65,41.12,35.72,39.02,40.35,44.85,43.53,41.03,41.1,28.7,30.05
94,방이역,10.85,8.45,12.6,16.35,21.25,20.38,26.0,22.1,26.22,25.45,23.6,26.38,28.4,30.72,36.15,30.22,27.38,27.2,30.35,30.0,32.78,31.8,35.9,25.42,29.98,24.88,22.48,18.35,17.02,23.45,21.1,20.72,21.02,14.42,15.58,7.6
95,방화역,0.68,0.68,0.65,0.92,1.1,1.27,1.62,1.5,1.68,1.42,1.67,1.72,1.58,1.52,1.45,1.5,1.27,1.3,1.1,1.23,1.4,1.2,1.27,0.92,0.98,0.73,0.65,0.45,0.45,0.32,0.35,0.22,0.43,0.25,0.15,0.12
96,버티고개역,8.43,7.48,8.18,9.38,13.22,15.18,17.3,18.75,20.25,21.4,21.3,25.22,25.55,27.85,26.48,29.55,24.9,29.35,27.15,30.82,31.25,33.65,32.4,32.62,28.05,26.38,21.92,18.48,20.02,17.15,21.28,20.38,19.98,17.65,17.95,11.32
97,별내별가람역,2.2,5.05,5.05,6.9,9.65,9.7,13.4,7.85,14.75,12.9,14.25,11.5,13.1,10.95,12.4,14.65,12.15,11.75,11.4,14.25,14.55,13.05,14.3,17.55,11.7,7.1,9.6,7.8,8.5,8.75,9.05,8.3,6.8,7.85,7.1,6.0
98,보라매역,16.23,13.18,13.15,14.62,19.35,23.38,27.37,24.62,24.95,24.98,25.7,25.28,27.28,28.12,28.32,27.05,27.78,28.12,28.48,29.95,31.5,34.65,33.3,30.02,27.12,26.02,21.98,20.05,19.9,20.72,21.3,21.5,18.85,18.75,16.18,9.4
99,보문역,11.28,11.38,13.05,15.88,21.25,23.67,27.25,26.17,29.2,27.42,28.3,31.8,33.75,34.15,35.38,35.95,33.25,32.22,33.42,33.67,36.67,36.05,38.1,36.22,32.42,31.62,24.98,22.25,21.4,20.78,23.8,25.42,21.85,20.27,20.7,16.7
100,복정역,9.32,8.65,9.62,12.25,16.42,18.55,23.3,23.88,24.0,23.05,24.88,24.72,26.58,29.55,27.92,27.62,26.67,27.12,29.5,29.95,32.92,32.98,30.05,31.33,25.92,24.55,21.58,18.73,17.65,18.38,21.95,19.73,18.05,16.55,13.8,11.28
101,봉천역,19.55,16.5,16.2,18.45,25.8,30.62,36.8,37.52,37.35,34.67,33.68,41.7,36.62,38.9,46.2,42.8,37.05,44.9,37.67,38.95,51.8,53.5,40.72,45.7,43.65,40.3,33.88,34.12,32.5,30.68,38.75,34.93,36.48,38.43,32.2,24.33
102,봉화산역,1.75,2.1,2.05,2.75,3.22,3.85,4.75,4.6,4.78,4.18,3.88,4.55,4.55,5.2,4.6,3.8,4.18,4.15,3.55,4.1,3.53,3.5,4.65,4.18,3.6,3.05,1.98,2.0,2.17,1.6,1.9,1.45,2.22,1.25,1.02,0.65
103,불광역,13.38,9.02,10.3,13.9,18.75,23.28,25.0,27.15,25.75,29.32,29.52,26.52,26.02,27.38,27.3,27.75,28.3,28.9,26.72,29.2,31.5,34.4,31.4,31.6,28.42,27.02,22.92,21.02,19.08,20.18,23.15,20.92,19.8,17.15,15.4,9.82
104,사가정역,25.42,20.95,23.28,27.9,34.4,38.97,45.3,40.62,41.15,38.52,38.5,41.18,39.83,42.05,43.38,42.35,41.45,39.92,40.88,46.22,45.5,50.95,52.4,47.9,43.8,40.62,35.28,30.72,30.25,31.92,34.0,30.35,30.3,25.38,24.8,17.7
105,사당역,19.05,17.18,18.73,18.7,28.58,35.67,39.33,43.48,41.05,40.5,37.83,48.7,42.28,42.0,55.98,47.8,42.75,53.12,43.28,47.35,59.72,60.03,51.55,50.98,50.38,49.68,40.62,38.25,38.55,38.3,45.25,45.15,43.1,41.38,30.6,30.8
106,산성역,7.22,6.72,7.35,9.83,12.28,13.52,15.85,16.0,15.25,14.5,15.15,15.32,16.4,17.08,18.15,17.73,16.12,16.75,17.05,18.42,20.0,19.05,18.75,17.98,16.98,14.75,13.68,11.58,11.02,11.08,14.05,12.65,11.85,10.62,9.6,7.22
107,삼각지역,10.72,7.18,8.57,11.08,14.27,17.52,23.92,23.8,25.8,25.3,30.0,27.85,26.33,31.3,30.95,31.48,30.15,30.15,31.05,33.52,36.02,37.95,36.92,37.08,33.3,32.83,25.75,24.48,22.2,21.15,24.25,23.9,24.92,22.0,21.42,15.25
108,삼성역,9.45,8.57,8.85,10.07,14.45,17.12,20.85,20.85,21.28,22.08,24.67,27.92,28.82,32.08,33.25,35.57,34.22,35.85,39.38,42.0,45.97,47.25,44.55,39.55,40.17,38.67,32.92,27.65,30.5,36.28,33.9,33.17,31.15,20.98,20.78,16.2
109,상계역,4.85,2.55,1.65,2.1,3.55,2.65,4.45,4.95,2.65,5.05,4.45,2.15,4.2,4.4,3.25,4.0,4.8,4.85,3.85,5.8,6.8,4.05,10.75,5.45,6.95,6.9,7.0,5.75,8.85,6.65,7.25,4.7,5.45,7.35,5.3,4.7
110,상도역,18.18,15.62,14.3,16.55,22.48,24.85,31.65,29.82,27.98,27.15,29.6,29.08,32.78,33.75,33.0,30.05,31.05,31.98,30.2,32.12,39.55,42.42,35.05,34.1,31.05,28.42,23.35,22.42,22.32,22.42,25.1,22.38,20.9,19.5,16.98,10.25
111,상봉역,20.38,17.73,19.35,23.8,30.2,34.42,38.62,37.8,36.62,33.78,34.85,36.4,34.88,38.38,38.22,35.75,36.62,35.55,35.8,39.17,42.12,46.22,45.5,41.88,38.65,35.55,30.25,27.55,25.85,28.15,29.22,25.7,26.38,21.2,21.6,19.52
112,상수역,7.98,5.98,7.78,8.82,11.9,12.98,15.88,17.15,17.4,18.0,17.75,19.7,20.98,25.38,23.28,23.8,22.98,23.52,24.12,26.75,26.78,29.38,28.9,28.62,24.88,23.02,20.62,17.5,18.1,17.42,19.55,19.3,23.05,20.32,17.33,10.73
113,상왕십리역,11.35,9.8,11.4,14.48,22.9,22.88,28.2,30.42,26.32,32.8,37.45,41.38,41.88,50.7,45.8,46.45,44.92,48.65,51.02,60.5,49.05,55.6,55.48,48.28,47.12,45.85,43.08,36.45,34.7,33.55,37.67,37.05,36.4,33.28,29.5,27.08
114,상월곡역,7.35,7.65,8.82,11.3,16.1,18.18,19.68,19.23,20.05,19.52,19.18,20.18,21.48,22.72,24.68,23.6,22.83,21.72,20.27,21.45,22.85,23.08,23.78,22.42,22.45,20.38,16.08,14.45,13.08,13.8,14.65,15.12,13.22,11.95,12.15,9.65
115,상일동역,7.9,11.98,11.6,14.22,19.55,24.92,28.58,24.55,31.25,29.52,28.3,28.75,30.5,31.3,31.0,29.28,28.48,29.5,30.32,30.98,32.33,34.67,31.65,31.62,29.25,25.15,23.5,17.75,18.98,18.3,19.82,17.38,19.9,17.2,13.78,9.8
116,새절역,8.3,7.82,10.12,12.95,16.95,19.58,22.98,25.5,24.02,22.95,21.45,22.15,23.65,25.98,24.35,24.88,24.32,25.0,24.18,25.08,26.42,29.88,27.42,26.82,24.28,21.62,19.12,17.52,15.35,15.38,15.58,16.08,19.6,18.48,12.68,9.57
117,서대문역,9.28,8.07,9.95,10.28,14.48,16.38,20.52,22.75,22.38,25.85,28.12,29.9,30.32,33.95,34.15,33.8,34.5,37.05,37.12,37.95,39.45,42.38,40.7,38.05,35.28,28.22,23.92,22.0,20.38,22.45,22.78,18.23,18.62,16.4,14.38,8.5
118,서울대입구역,19.48,17.65,17.42,20.05,27.4,32.88,39.52,38.9,40.65,36.3,35.92,43.98,39.05,41.35,49.15,44.65,38.95,45.82,41.1,40.85,55.38,56.0,42.62,48.38,45.7,41.85,36.12,33.92,34.22,34.42,39.88,37.7,40.48,36.3,33.65,27.33
119,서울역,10.15,9.38,8.9,10.15,18.0,19.7,25.72,27.75,30.28,30.08,34.05,33.8,31.95,39.98,37.83,38.05,36.92,39.78,38.75,38.35,37.25,38.2,37.75,39.62,38.0,34.5,30.48,28.45,27.85,24.02,26.75,23.9,23.8,22.3,23.33,18.25
120,서초역,18.55,16.55,16.75,19.33,28.0,33.62,42.22,38.9,40.35,40.67,41.55,46.98,44.22,46.45,53.02,52.8,44.75,49.78,49.0,48.85,60.08,59.4,52.42,52.6,49.8,48.53,42.7,37.5,38.05,41.7,45.55,43.35,41.52,40.42,31.12,22.85
121,석계역,6.2,7.45,7.48,10.12,13.3,15.35,17.73,16.92,18.08,17.35,16.65,17.75,19.85,19.62,21.45,19.55,19.27,18.98,17.8,19.48,20.48,21.58,22.3,19.65,18.23,17.27,14.73,12.05,11.68,12.08,12.55,13.52,11.8,10.1,10.8,9.12
122,석촌역,15.85,15.05,18.75,19.2,27.63,31.05,34.78,38.6,39.72,40.45,40.0,42.55,43.1,51.97,50.6,49.45,46.53,51.7,50.88,56.5,56.6,58.72,59.98,56.13,54.35,45.42,44.18,35.72,36.88,40.6,42.72,38.9,39.05,28.5,25.95,17.4
123,선릉역,11.52,9.9,11.08,11.82,17.08,22.1,28.28,26.35,29.8,28.82,33.67,35.3,36.12,39.75,39.88,41.95,39.53,40.45,42.68,43.05,48.75,48.47,47.3,42.38,42.62,40.58,34.47,28.98,31.22,34.88,34.1,33.95,34.28,24.17,22.42,15.48
124,성수역,7.32,6.82,7.75,10.42,15.4,16.75,18.18,21.1,20.75,21.98,27.35,31.52,28.67,34.22,33.15,31.85,32.92,32.85,36.25,43.95,37.98,36.62,41.52,37.12,40.75,36.9,33.75,30.98,28.1,28.0,32.45,29.4,30.25,25.85,27.2,30.45
125,성신여대입구역,19.08,16.6,17.27,21.28,31.08,35.67,41.75,38.4,41.2,41.42,40.5,38.93,33.8,40.22,36.1,37.8,33.42,38.25,33.9,40.25,37.53,42.0,45.03,44.48,42.08,37.4,35.0,34.88,32.48,31.32,37.25,32.88,30.55,28.72,31.38,21.55
126,송정역,6.38,4.42,4.5,5.07,7.4,8.07,9.18,10.02,9.65,10.05,10.78,10.7,10.95,11.5,12.02,11.7,11.8,11.45,11.9,12.12,12.2,13.42,13.12,11.77,11.32,9.78,9.48,7.45,7.25,6.7,6.5,6.15,7.17,5.43,4.85,2.38
127,송파역,16.85,15.35,18.5,20.17,28.75,32.62,37.52,41.9,42.18,43.72,42.2,46.4,46.4,55.65,53.03,50.98,48.4,53.35,52.28,58.12,58.3,59.85,61.05,56.25,51.88,45.9,42.55,35.6,35.5,37.4,40.52,35.22,36.48,30.17,23.42,16.62
128,수락산역,6.4,6.1,6.82,8.7,10.7,12.85,14.05,15.52,13.6,13.35,12.78,12.92,11.88,12.73,12.73,13.1,13.32,13.2,15.35,14.58,16.08,15.68,15.38,12.5,12.98,10.28,9.18,8.02,7.48,7.28,8.55,7.2,6.62,5.62,5.38,4.68
129,수서역,4.3,3.7,3.72,4.55,6.65,8.82,8.38,9.5,9.55,10.35,8.9,10.48,10.12,11.32,12.32,9.6,8.8,9.5,10.5,11.12,13.48,10.9,12.9,11.1,10.62,8.88,7.22,6.2,7.5,6.57,7.22,6.65,5.52,8.23,4.6,5.07
130,수유역,15.5,13.68,14.05,17.08,22.72,28.85,30.8,32.75,30.18,32.2,29.75,27.55,26.52,27.48,27.75,26.88,24.55,26.02,27.02,25.68,28.02,30.08,32.62,28.08,30.9,27.58,24.25,24.95,21.2,23.15,23.8,20.8,22.92,20.8,18.32,17.05
131,수진역,2.85,3.0,2.75,3.1,4.05,5.15,6.4,6.55,6.4,5.45,5.25,5.35,5.65,6.75,6.9,6.7,6.95,5.95,6.45,7.25,7.2,6.5,5.75,6.55,6.25,5.95,5.0,3.8,3.3,3.3,3.65,3.45,2.5,2.75,1.65,1.75
132,숙대입구역,10.4,6.82,7.6,10.45,14.2,16.17,22.52,22.58,24.72,24.4,27.78,28.22,25.95,28.05,25.55,26.88,26.12,27.15,25.15,29.82,28.65,31.82,30.55,31.98,32.12,29.67,24.82,24.02,21.55,20.9,22.65,18.98,19.92,17.4,18.92,14.58
133,숭실대입구역,19.08,16.12,15.32,16.35,25.12,29.32,31.98,31.2,30.35,29.0,31.0,33.1,36.17,37.2,35.52,32.52,32.12,34.28,32.22,35.15,37.5,44.78,38.53,36.17,32.45,30.68,24.12,24.18,23.3,23.85,26.65,23.6,21.92,21.28,17.9,11.12
134,시청역,10.2,9.4,9.22,11.18,18.2,21.02,22.6,26.02,25.3,28.12,32.15,35.33,40.83,48.6,39.28,43.42,45.05,41.92,44.8,53.58,45.25,56.32,51.25,51.0,46.75,44.78,42.7,36.7,36.02,38.33,36.47,38.58,39.45,34.92,42.5,21.2
135,신금호역,11.32,8.88,11.9,13.18,16.95,19.45,23.4,25.75,26.62,27.52,28.9,30.22,31.67,35.0,34.78,34.2,32.0,35.48,35.42,36.2,37.78,41.98,38.75,36.52,32.9,27.98,24.12,22.38,21.42,23.55,23.88,20.85,21.62,18.53,16.12,10.88
136,신길역,10.2,9.68,11.55,13.3,18.88,19.73,25.18,24.62,26.58,26.75,28.3,29.45,30.2,34.8,34.03,33.55,33.12,33.9,32.05,33.0,35.12,37.83,37.08,35.03,31.98,26.75,24.95,20.9,19.65,21.0,23.08,19.32,18.68,16.08,15.82,12.98
137,신내역,0.75,1.9,1.35,2.42,4.0,4.0,4.72,4.82,5.32,4.75,5.45,6.22,5.43,5.48,5.55,5.55,5.05,5.07,4.62,4.47,4.0,5.38,8.38,4.95,5.5,5.02,3.58,3.22,3.08,2.3,1.8,1.38,1.8,1.23,1.05,0.72
138,신답역,4.65,4.53,4.97,4.3,6.8,9.35,8.3,10.58,9.88,11.52,11.32,13.02,14.08,15.3,16.02,15.22,13.75,13.98,13.38,14.28,15.12,14.7,16.6,14.0,13.55,9.0,8.18,7.3,6.08,6.5,6.28,6.92,7.3,6.57,4.78,2.48
139,신당역,11.38,9.92,11.3,14.35,22.8,23.08,29.18,30.52,27.0,33.08,37.4,40.7,43.42,49.9,45.88,46.8,46.22,48.48,50.95,60.53,48.85,56.97,55.65,50.18,46.75,44.35,44.62,36.2,35.12,33.67,38.2,35.88,36.72,33.35,29.15,26.72
140,신대방삼거리역,16.98,14.32,14.0,16.7,21.52,25.02,29.75,27.33,25.62,26.62,27.22,27.08,28.78,30.72,29.6,28.25,29.05,29.3,28.48,30.62,32.15,35.7,32.22,31.85,27.45,26.02,22.25,20.72,19.38,20.08,22.35,21.65,18.75,18.7,16.65,9.65
141,신대방역,18.55,13.82,14.15,15.62,25.2,25.5,31.75,33.98,33.65,31.22,31.88,37.85,34.5,36.0,41.88,40.6,34.22,40.65,35.85,36.35,47.42,46.95,42.68,40.28,37.67,40.38,29.95,31.88,29.98,27.4,33.33,31.65,32.85,37.0,29.0,27.35
142,신도림역,15.75,12.72,14.75,17.45,26.57,30.08,33.25,30.55,36.22,34.75,38.2,44.85,39.88,49.5,47.42,46.3,43.68,45.15,39.33,46.05,42.3,52.7,45.35,46.7,37.42,42.32,30.05,33.65,32.0,30.6,34.88,32.67,30.1,29.25,34.45,13.0
143,신림역,19.52,15.82,15.8,18.25,26.55,29.85,35.62,37.2,37.35,32.58,33.95,40.6,36.7,37.4,45.3,41.9,35.62,42.9,37.38,37.2,51.02,48.12,41.32,40.55,38.02,39.78,29.28,31.02,29.98,26.68,34.05,31.5,33.28,36.22,28.42,21.45
144,신사역,11.0,10.3,9.02,12.5,16.62,24.12,25.98,28.4,27.9,30.15,38.12,36.78,35.78,39.0,38.92,40.2,39.2,41.25,41.32,42.98,46.38,49.38,48.9,45.88,44.75,36.38,32.17,27.0,29.62,32.0,30.58,28.7,28.3,22.88,17.62,11.02
145,신설동역,11.92,8.72,9.35,11.3,16.73,16.7,19.05,21.1,24.55,23.0,22.15,24.25,30.55,33.62,32.35,30.82,31.75,34.33,33.78,33.1,24.92,32.22,36.52,28.92,25.62,22.7,18.35,18.8,20.27,13.95,15.78,16.82,19.23,13.02,9.52,11.1
146,신용산역,11.12,7.07,7.52,10.65,14.45,16.55,23.45,24.12,25.78,26.12,30.85,28.08,26.1,29.0,26.52,27.45,27.35,26.78,28.22,29.35,31.28,32.45,31.6,33.68,33.83,32.38,27.17,25.85,22.52,22.65,24.92,21.35,21.4,18.58,21.28,15.9
147,신정네거리역,8.38,7.8,6.05,7.82,11.12,12.02,13.35,15.6,15.22,14.18,14.78,15.62,14.82,15.2,16.23,15.35,16.58,14.45,14.3,15.82,15.82,16.18,16.4,15.5,15.27,11.82,10.88,9.85,9.65,8.7,9.18,9.55,8.78,9.28,8.38,3.92
148,신정역,11.15,10.35,11.3,14.3,18.95,21.58,25.67,25.35,24.75,26.12,25.88,27.35,28.38,29.67,30.22,29.1,29.28,27.58,28.65,28.9,29.9,33.7,31.08,28.92,28.08,25.4,23.02,19.2,18.48,19.12,19.98,18.15,17.38,15.8,14.18,12.75
149,신촌역,10.45,9.25,9.45,11.98,17.52,19.68,21.7,22.62,25.85,28.6,30.8,33.83,39.45,47.12,38.03,43.72,46.72,38.02,43.5,50.48,45.85,51.32,50.7,50.28,40.83,43.92,41.88,35.72,37.92,36.42,42.35,39.42,44.52,40.42,38.08,23.9
150,신풍역,16.52,13.18,13.35,14.3,20.65,24.38,26.68,24.8,25.55,24.17,24.98,25.55,27.2,28.02,27.98,27.95,26.52,26.2,28.0,29.32,29.38,34.05,32.28,29.38,26.0,25.25,21.38,19.48,19.2,19.62,20.92,19.7,18.8,18.27,16.55,9.93
151,신흥역,3.9,3.85,3.7,4.8,6.2,7.4,8.38,8.2,8.02,7.55,7.92,7.05,8.2,8.85,9.22,9.02,8.78,8.23,8.2,9.15,9.12,9.05,8.95,9.15,8.2,7.22,6.35,5.22,4.55,4.75,5.68,4.8,4.2,4.23,3.02,3.08
152,쌍문역,14.8,11.6,12.0,15.58,21.08,25.45,29.08,29.82,26.05,29.78,26.58,24.0,24.4,24.08,26.02,22.3,22.82,22.12,23.2,22.65,26.65,25.08,29.2,24.52,28.25,21.68,21.82,21.4,18.17,19.8,20.22,16.82,19.32,17.88,15.3,14.98
153,아차산역,18.9,14.82,16.88,21.0,28.02,31.32,35.65,37.43,38.6,37.35,38.83,42.15,41.9,46.03,47.5,43.1,44.25,46.62,48.0,49.62,53.88,55.65,55.45,49.9,47.4,36.62,34.42,31.55,29.02,35.28,33.83,34.0,29.2,27.12,20.92,18.92
154,아현역,10.28,9.15,10.15,12.08,18.85,22.05,23.92,25.4,27.65,28.78,32.55,36.95,42.3,48.85,39.43,46.78,46.75,39.15,44.3,52.8,45.7,53.78,50.05,52.28,43.18,44.18,41.98,35.8,36.55,34.78,40.28,37.45,41.55,37.8,39.85,24.08
155,안국역,12.18,10.9,11.98,17.02,23.2,27.68,32.83,39.62,35.9,37.22,38.58,39.72,40.0,43.08,40.5,43.95,43.52,47.15,45.38,49.15,52.7,53.65,58.18,53.35,48.85,44.02,37.6,30.33,30.35,33.1,32.42,29.28,30.05,23.72,19.42,10.4
156,안암역,9.35,9.55,10.5,13.62,19.32,21.32,24.22,23.8,25.4,24.75,24.4,27.0,28.83,29.42,31.02,31.95,30.32,29.1,30.0,30.48,32.33,32.25,34.55,32.83,29.42,28.28,22.0,20.2,18.73,19.5,22.1,22.58,19.77,18.5,19.27,14.98
157,암사역,3.38,2.78,3.8,4.25,6.28,6.45,8.15,7.15,7.2,6.85,6.52,6.57,7.07,7.2,7.02,7.12,6.28,6.52,5.72,5.4,5.8,5.7,5.78,4.7,4.03,3.58,2.52,2.35,2.55,2.12,1.85,1.75,1.45,1.08,0.92,0.65
158,압구정역,11.85,11.32,9.9,12.9,18.5,22.98,27.95,28.33,29.78,31.52,39.52,38.67,37.48,43.0,41.65,42.1,43.08,42.85,44.53,49.28,50.95,53.15,53.95,50.3,51.38,41.0,35.65,30.52,31.6,37.95,32.98,28.58,32.02,23.65,17.25,13.75
159,애오개역,9.4,8.57,10.48,10.92,14.92,17.83,21.8,23.75,23.68,26.68,28.95,30.72,31.58,34.98,35.28,35.17,34.62,37.65,36.42,37.78,40.12,42.38,41.62,38.38,34.72,29.28,24.1,21.98,20.8,22.2,23.6,18.4,18.52,16.3,14.9,9.3
160,약수역,11.48,9.35,9.78,11.98,17.62,24.98,30.25,28.52,30.3,31.2,36.08,35.97,34.98,39.0,34.47,40.58,40.5,36.92,40.35,41.22,40.2,50.15,45.62,41.68,42.58,36.17,26.98,26.88,25.5,29.18,24.85,23.12,24.8,19.67,20.0,12.95
161,양재역,8.5,7.15,6.78,7.45,12.0,14.7,15.45,17.27,16.58,17.9,18.17,20.65,18.7,22.65,23.58,21.4,20.35,20.33,21.92,23.52,25.15,24.75,24.67,25.45,24.5,18.98,15.73,14.42,15.92,15.42,15.27,13.32,15.55,11.18,8.65,6.05
162,양천구청역,9.93,9.18,7.38,9.65,13.68,14.92,15.65,18.2,18.6,17.5,16.95,20.05,20.3,20.18,19.3,20.1,19.88,18.12,18.73,19.33,21.58,21.92,20.45,22.88,21.2,18.0,15.25,13.78,13.75,12.58,12.55,13.7,12.08,13.8,12.02,5.9
163,양평역,12.92,12.02,13.85,18.05,22.95,25.58,30.28,31.32,31.6,32.42,32.65,33.75,35.78,39.05,40.0,37.7,37.7,37.9,37.55,38.2,41.7,44.82,44.22,41.48,37.58,33.65,31.58,27.18,25.4,26.0,28.08,26.82,23.28,22.72,19.38,16.75
164,어린이대공원역,28.3,22.33,21.8,25.7,33.7,39.3,46.55,45.9,41.12,40.55,52.35,47.02,43.3,47.85,47.22,46.38,43.7,47.4,47.18,50.98,55.9,63.1,56.15,56.45,49.4,47.55,40.02,35.08,35.1,36.8,36.78,36.8,35.35,29.12,29.52,21.12
165,여의나루역,9.7,8.25,10.28,11.58,16.15,17.47,22.38,23.4,22.45,24.58,26.22,29.3,30.08,33.47,33.7,33.9,32.78,37.33,35.02,36.4,39.4,43.1,41.92,39.7,38.4,32.2,27.35,25.3,24.78,27.58,26.22,21.4,21.3,17.08,15.48,9.18
166,여의도역,9.3,8.25,10.2,11.98,16.05,17.4,22.1,23.2,23.17,24.4,26.28,27.58,29.58,33.5,33.45,33.7,34.55,35.7,34.93,36.72,39.78,44.65,41.22,39.28,38.02,32.15,28.52,25.58,24.85,26.62,28.5,23.12,21.98,18.08,17.02,10.02
167,역삼역,12.92,11.62,12.52,14.08,19.85,25.5,30.95,30.15,33.8,31.95,35.45,41.1,41.82,41.08,44.08,47.0,42.3,44.08,46.6,45.52,53.9,53.35,50.53,44.45,44.38,45.28,37.12,31.62,33.88,38.05,37.95,36.55,36.9,28.52,25.42,17.45
168,역촌역,6.1,6.6,7.4,9.25,13.0,15.0,19.2,21.4,20.25,18.85,17.25,16.35,17.05,20.5,19.45,19.3,19.0,18.55,17.65,18.55,19.7,21.1,20.2,20.05,19.1,16.4,15.1,13.2,12.3,12.2,12.7,13.15,17.65,15.15,11.65,9.2
169,연신내역,12.55,7.98,8.38,12.8,15.85,19.7,21.58,23.75,22.38,25.65,26.0,22.78,22.28,23.22,23.68,23.55,23.98,24.9,22.48,24.68,25.92,28.18,25.42,25.75,22.45,21.12,18.92,16.8,15.4,15.3,19.0,17.1,15.13,14.62,12.22,6.7
170,영등포구청역,17.0,11.88,13.05,15.92,22.62,27.12,30.22,30.2,34.1,32.38,35.92,39.45,38.15,50.78,44.6,46.75,47.2,44.05,44.5,48.03,54.45,53.35,51.88,53.8,43.53,45.8,37.68,38.3,36.75,35.1,44.42,39.65,39.43,38.58,43.08,20.7
171,영등포시장역,9.52,9.07,10.7,12.95,17.55,18.32,21.95,23.22,24.12,24.25,24.85,26.08,27.52,30.35,30.85,29.0,30.5,30.22,30.72,30.75,33.28,35.67,36.42,33.83,31.48,26.58,24.9,20.78,19.73,20.67,22.18,19.82,17.62,16.32,15.1,12.42
172,오금역,8.6,7.6,8.52,13.1,17.65,16.98,21.1,19.2,21.7,21.92,19.88,22.32,24.72,24.32,29.88,27.48,23.1,23.9,26.35,26.3,28.5,30.35,31.38,24.45,27.22,23.98,19.65,17.75,14.75,17.97,17.85,14.95,16.92,13.35,15.25,8.18
173,오남역,2.5,3.25,4.1,5.5,6.75,5.45,8.05,4.3,10.1,9.0,8.4,7.0,8.9,6.9,8.05,9.6,7.9,6.7,7.2,8.25,8.0,6.95,7.7,9.55,6.15,5.05,4.35,3.55,4.4,4.3,5.7,3.2,2.65,3.35,3.7,2.8
174,오목교역,12.22,11.52,12.75,16.3,21.78,23.48,27.62,28.15,28.25,29.55,30.48,30.85,33.15,35.1,37.2,34.55,35.55,34.9,35.67,35.9,38.2,41.3,40.38,37.9,35.12,31.78,30.0,25.4,24.3,25.92,28.02,24.55,22.55,21.52,18.15,16.95
175,옥수역,11.38,11.52,10.38,13.68,20.58,25.7,31.78,32.12,32.12,33.7,41.48,39.92,37.35,43.52,39.0,44.25,42.1,40.92,42.38,47.0,47.15,49.85,50.45,48.3,46.4,38.08,30.13,28.98,27.85,32.08,28.35,24.42,27.68,20.6,16.82,13.12
176,온수역,12.7,13.52,9.55,12.9,18.68,20.58,18.18,25.0,22.8,19.95,25.92,24.02,22.65,24.52,26.58,20.98,23.4,23.55,24.52,23.32,28.83,27.88,29.95,27.05,27.7,20.1,19.12,21.45,15.68,16.58,20.2,14.85,18.77,16.45,15.65,8.35
177,올림픽공원역,11.75,9.45,13.02,16.52,21.15,22.78,27.1,23.78,29.02,27.35,25.0,29.15,29.58,32.8,37.35,33.62,30.02,30.95,33.42,32.8,35.92,36.6,39.12,31.15,33.25,29.32,25.52,21.05,26.25,46.2,29.9,39.47,23.9,18.05,17.5,9.35
178,왕십리역,12.7,9.57,12.22,13.7,21.25,21.7,24.22,27.08,27.82,28.65,35.95,38.12,41.7,44.8,41.05,41.28,39.67,44.7,48.95,54.62,44.6,49.1,48.6,41.98,44.38,39.6,38.3,31.92,29.48,29.18,31.88,31.22,30.15,27.25,24.92,18.4
179,용답역,5.28,4.9,5.48,4.62,7.58,10.38,9.25,11.45,10.82,12.32,12.38,14.0,14.78,17.05,16.9,15.48,15.58,14.68,14.5,15.15,16.4,15.65,17.8,14.82,14.82,10.18,8.62,8.75,6.88,7.38,7.02,7.65,7.63,7.22,5.08,2.68
180,용두역,4.08,3.9,4.38,4.32,6.88,8.12,8.07,9.38,9.5,10.28,10.1,12.4,12.3,14.1,15.2,14.0,12.5,12.68,12.55,13.12,14.32,13.38,15.82,13.27,12.95,9.32,7.7,6.72,5.95,6.18,5.85,6.55,6.55,6.15,4.38,2.38
181,용마산역,26.05,21.6,23.3,27.85,35.33,39.9,46.62,42.2,41.88,39.17,39.28,42.8,40.4,42.75,44.52,43.42,42.38,42.08,41.95,47.95,47.28,53.75,54.75,49.42,46.03,43.05,36.58,32.05,31.87,33.55,36.17,32.6,31.48,27.05,26.22,18.88
182,우장산역,8.72,6.95,7.05,8.85,11.65,13.95,15.8,17.1,15.62,17.6,17.92,19.58,20.03,21.38,21.92,20.95,20.58,20.7,20.68,20.95,21.3,23.3,21.68,20.25,19.15,16.83,15.42,12.25,11.75,11.1,11.1,10.55,12.35,9.48,8.32,6.15
183,월곡역,7.82,8.27,9.62,12.08,17.2,19.78,21.28,21.02,21.32,20.95,20.72,22.22,23.6,24.55,26.02,26.17,24.45,23.4,22.52,22.88,25.05,24.48,25.7,24.38,22.92,22.6,16.83,15.25,14.68,14.85,16.23,16.55,13.85,13.15,13.38,10.73
184,월드컵경기장역,9.15,8.22,10.72,12.3,17.35,19.27,23.33,24.95,24.02,24.08,22.4,25.02,25.8,28.62,27.25,27.48,27.7,28.28,29.38,29.48,32.05,35.55,34.25,33.67,28.05,27.05,23.72,21.95,19.4,18.8,20.02,21.0,25.65,21.88,16.65,12.0
185,을지로3가역,10.02,8.6,9.48,11.8,18.17,22.28,24.85,30.1,28.75,30.5,32.15,36.3,37.83,43.32,40.15,41.7,41.82,40.88,44.2,50.62,44.42,53.92,48.92,46.8,46.08,41.38,40.8,33.17,33.08,34.55,34.3,35.18,37.32,33.35,39.7,19.73
186,을지로4가역,10.07,8.62,10.1,11.88,18.05,19.68,22.68,26.12,24.42,27.38,30.7,36.05,38.1,43.4,40.4,41.68,41.18,41.08,44.82,50.2,43.65,54.1,48.28,45.05,44.62,40.88,40.38,32.83,32.83,34.8,33.95,35.08,36.97,33.05,38.12,19.1
187,을지로입구역,9.85,8.48,9.1,11.28,17.75,18.2,20.78,23.72,22.6,26.2,30.3,33.7,38.1,45.9,37.08,41.8,43.12,41.08,44.25,52.2,43.47,55.5,50.35,49.45,47.45,45.38,44.18,36.58,37.12,40.33,37.02,38.65,39.62,36.08,41.5,22.67
188,응암역,7.32,7.25,9.18,11.52,15.12,16.88,20.82,20.1,25.7,21.4,19.95,19.95,21.6,23.92,22.45,22.25,20.27,25.82,21.28,21.88,23.02,25.12,23.22,23.12,20.47,15.58,17.98,13.75,12.48,12.05,12.38,12.35,16.02,13.68,9.07,6.6
189,이대역,10.07,8.92,9.38,11.6,17.08,18.88,22.52,24.45,26.38,29.12,31.28,35.33,45.0,47.62,39.07,44.88,46.47,39.22,44.18,52.25,46.2,51.8,50.3,54.28,41.95,44.22,41.82,35.22,36.88,34.4,39.82,37.38,41.45,37.45,35.58,22.58
190,이촌역,10.92,7.62,8.2,11.48,16.77,18.52,24.65,26.85,26.95,28.65,32.88,30.18,27.9,29.12,29.12,28.4,28.28,26.62,30.18,30.82,32.05,33.22,33.83,35.52,35.4,34.42,27.3,24.15,23.0,22.8,24.35,21.9,20.1,20.48,20.5,17.23
191,이태원역,8.35,6.92,8.2,9.23,12.48,14.6,17.32,18.68,19.58,21.12,21.95,23.65,24.02,27.65,27.12,29.28,26.72,27.35,28.42,31.32,32.33,34.4,33.02,32.55,29.05,26.65,22.02,20.72,21.48,18.9,24.55,21.75,21.62,19.27,19.12,8.12
192,일원역,5.98,4.05,4.15,4.85,6.82,8.35,9.12,10.65,10.12,10.4,9.78,10.88,11.28,11.1,12.75,10.72,9.8,10.38,11.2,12.42,14.0,12.08,13.25,13.22,11.8,9.72,8.5,6.8,7.88,6.8,7.78,6.7,6.15,7.87,4.53,4.6
193,잠실나루역,8.95,7.1,8.9,11.0,16.48,17.62,19.65,22.32,23.38,24.4,26.0,31.0,29.42,34.15,32.38,32.83,32.48,32.35,35.15,41.58,36.0,40.62,41.98,35.12,34.95,34.28,32.25,26.35,24.28,30.0,27.9,26.85,25.3,20.65,19.08,16.82
194,잠실새내역,10.45,8.57,10.05,11.38,16.65,18.95,24.0,24.1,25.35,26.52,26.75,32.8,32.08,35.02,34.25,35.62,34.4,33.65,37.02,40.95,39.08,44.35,39.8,37.3,36.12,32.8,31.08,25.92,25.7,31.45,28.05,29.38,30.32,21.38,18.92,13.18
195,잠실역,15.05,11.92,15.0,14.1,21.02,22.48,27.02,28.75,28.92,28.35,27.5,30.35,30.2,37.17,35.47,38.62,35.6,42.2,40.58,47.5,48.47,49.28,55.28,49.38,51.0,45.5,45.4,36.42,37.02,42.97,41.75,41.78,44.05,30.88,25.28,19.15
196,잠원역,11.25,10.22,8.82,11.88,15.55,23.72,25.82,28.7,26.65,31.35,35.42,35.55,34.28,37.6,37.5,38.15,37.3,38.55,40.05,40.62,42.95,47.72,43.88,44.9,41.62,33.45,30.1,24.67,27.12,29.0,27.07,24.52,24.52,18.92,14.72,8.85
197,장승배기역,17.55,14.55,14.25,17.12,22.45,24.6,29.75,28.8,26.32,26.8,28.35,28.18,29.52,30.67,31.02,28.78,29.42,30.88,28.8,31.42,33.6,38.05,33.3,32.75,29.68,26.88,23.52,21.8,21.17,21.8,23.78,23.08,19.82,19.48,17.73,10.07
198,장암역,0.25,0.5,0.65,1.25,0.95,0.9,0.85,0.95,0.85,0.75,0.85,0.77,0.62,0.72,0.92,1.0,1.0,1.2,1.3,1.45,1.52,1.68,1.5,1.15,1.02,0.8,0.75,0.57,0.48,0.32,0.38,0.32,0.08,0.12,0.08,0.02
199,장지역,13.55,11.75,12.88,16.0,22.75,25.4,30.65,29.88,30.82,30.8,32.52,31.9,34.42,38.83,36.5,35.67,34.17,37.17,38.52,39.62,44.15,43.55,43.53,40.85,37.0,33.38,30.2,26.52,25.55,27.1,33.28,27.78,27.98,21.2,17.27,11.98
200,장한평역,14.85,11.38,14.0,17.8,21.32,24.25,29.92,30.08,31.6,33.58,33.9,34.8,38.02,40.03,40.15,38.35,38.67,39.78,40.88,43.5,44.95,47.52,46.53,43.62,38.05,33.6,29.83,25.12,23.42,30.62,28.7,27.55,24.88,23.35,17.25,16.67
201,제기동역,11.2,7.52,9.6,10.68,16.1,16.83,17.48,19.65,22.28,21.8,19.45,22.68,27.2,32.95,27.9,28.28,28.1,31.75,29.98,30.4,24.17,29.95,34.67,27.1,25.5,21.18,17.62,17.92,19.95,13.6,15.1,15.75,16.32,15.02,9.25,10.22
202,종각역,8.25,8.93,8.55,9.3,13.15,14.9,17.92,21.98,24.9,24.25,24.05,28.4,32.82,33.45,36.98,33.6,35.75,37.67,39.45,37.42,31.95,36.7,37.17,36.15,33.4,27.2,25.3,24.15,22.78,19.75,22.17,21.72,19.42,16.85,14.5,12.18
203,종로3가역,11.05,9.12,10.75,14.35,20.85,25.68,31.55,38.6,35.32,36.92,38.6,40.47,39.93,43.5,39.98,45.55,43.52,45.68,44.9,47.1,50.55,49.38,54.45,49.52,45.3,41.0,34.5,28.55,28.05,32.9,29.42,26.12,29.33,21.92,18.7,12.38
204,종로5가역,8.98,9.28,9.77,11.3,14.2,17.18,18.62,24.65,27.15,25.95,26.25,29.08,34.28,38.9,39.45,34.8,37.9,38.47,42.42,37.22,28.1,41.15,38.3,34.42,35.85,25.25,23.98,22.38,19.6,18.6,18.88,20.85,18.42,14.35,12.48,12.12
205,종합운동장역,10.05,8.62,9.18,10.82,15.65,20.08,23.62,24.25,24.88,25.15,26.6,31.75,30.98,33.0,31.65,35.82,33.3,33.38,36.1,40.05,39.42,45.12,39.38,36.8,36.1,33.52,31.08,24.42,26.7,30.67,28.08,31.4,27.6,20.75,17.95,12.9
206,중계역,13.3,11.9,13.12,17.73,20.52,24.7,27.65,28.98,25.98,26.52,23.75,25.75,25.1,25.95,25.78,25.92,26.5,24.67,28.08,26.65,29.88,31.22,31.43,28.0,25.9,22.1,19.95,18.55,16.03,17.25,18.6,15.6,16.53,13.35,13.7,12.42
207,중곡역,27.15,22.22,24.15,28.5,35.47,40.82,48.22,44.28,42.47,41.82,42.58,42.32,42.0,45.92,45.0,44.88,43.22,43.35,44.6,48.62,46.85,58.35,56.3,51.9,46.48,44.28,37.62,32.9,32.83,34.8,35.98,34.28,32.32,27.5,27.32,19.48
208,중화역,19.02,16.1,18.42,21.95,28.58,31.7,36.98,34.88,33.3,31.65,31.45,33.58,32.33,34.42,34.95,33.38,33.58,32.92,34.97,34.15,39.38,41.08,41.97,38.47,36.05,31.08,28.22,25.48,23.4,26.3,26.8,24.22,24.25,20.48,19.05,17.58
209,증산역,9.25,8.8,11.28,13.88,18.85,21.12,25.08,27.6,26.4,25.42,23.45,24.55,26.65,28.25,27.33,27.22,27.02,27.38,26.88,27.83,29.62,33.08,31.25,31.1,27.22,24.58,22.15,20.08,17.5,17.75,17.52,19.1,22.8,21.55,14.92,12.32
210,지축역,10.62,11.08,12.25,16.9,22.25,18.42,30.0,29.22,28.98,26.22,27.8,31.38,35.42,29.38,35.67,37.15,37.78,36.93,33.08,38.05,42.48,43.55,42.72,34.75,28.0,33.62,26.25,28.02,18.15,21.52,15.28,18.85,25.45,16.27,17.6,16.7
211,진접역,1.1,1.05,1.5,2.05,1.8,2.25,2.75,1.75,4.35,3.15,3.25,3.25,2.5,2.95,4.7,2.9,3.45,2.4,2.8,3.1,2.5,2.15,2.35,2.55,2.4,0.85,0.95,0.8,0.4,0.9,0.85,0.3,0.5,0.45,0.5,0.2
212,창동역,11.73,8.2,9.22,11.4,16.48,19.02,22.7,23.0,18.62,24.22,20.58,18.42,19.55,19.77,20.52,17.2,18.25,17.95,17.68,18.02,21.05,20.23,23.68,19.23,24.0,16.1,16.52,14.7,14.45,14.85,14.4,12.08,12.98,15.22,11.15,13.32
213,창신역,12.0,11.18,13.35,15.55,22.22,25.25,29.0,27.15,30.2,27.98,29.48,32.85,35.08,34.92,36.48,37.02,34.17,33.38,35.17,34.67,37.48,38.03,40.17,38.85,34.7,33.02,26.38,23.62,22.95,22.38,25.8,25.28,25.15,22.38,23.48,16.12
214,천왕역,13.48,13.68,12.4,13.42,18.48,23.75,23.98,23.85,26.42,25.3,24.28,25.5,27.33,25.05,25.67,27.3,26.38,22.95,28.9,27.18,27.85,30.55,33.48,26.62,27.25,23.65,22.12,18.15,17.08,18.95,18.18,17.38,18.45,17.3,14.48,7.82
215,천호역,16.18,12.42,14.3,18.55,24.1,25.28,32.12,31.82,32.62,35.08,34.78,35.0,36.72,41.8,39.92,39.1,39.75,38.65,40.67,45.42,46.6,48.42,49.72,45.3,42.4,37.08,33.4,25.8,28.7,35.5,28.22,31.65,29.35,25.35,18.38,16.75
216,철산역,17.02,16.15,14.42,18.95,23.05,26.02,31.55,30.88,29.72,31.15,33.28,31.2,32.05,35.62,33.62,32.0,34.35,32.83,32.9,37.32,37.42,38.75,41.75,36.55,35.92,29.0,27.83,24.5,21.75,22.92,23.35,24.28,20.75,20.45,19.15,9.6
217,청구역,10.88,9.02,11.52,12.6,16.77,19.27,22.48,24.45,25.32,26.15,26.72,28.1,29.85,33.25,32.45,33.42,31.32,33.7,33.62,35.6,38.15,39.2,37.65,35.05,32.42,27.3,23.42,21.9,21.05,22.9,23.22,20.48,21.72,18.18,18.42,11.1
218,청담역,22.78,18.25,18.9,23.2,26.28,29.83,36.68,36.65,33.45,33.4,35.95,40.52,40.8,41.45,41.38,40.78,38.35,41.98,42.3,44.68,48.58,56.28,50.1,48.25,43.52,39.67,37.03,31.18,31.02,33.2,31.75,30.98,29.55,26.68,23.85,16.08
219,청량리역,10.05,5.7,8.57,9.82,13.42,17.48,15.68,16.58,20.48,18.12,16.1,21.82,24.22,27.78,25.05,25.58,23.48,25.7,23.02,29.12,21.38,25.35,31.93,23.58,22.95,18.6,15.8,16.65,17.17,13.27,13.08,14.42,15.18,13.7,9.02,9.48
220,총신대입구역,23.95,17.18,18.3,20.1,26.72,31.3,35.1,33.67,35.45,34.85,34.1,38.38,38.78,41.35,40.65,38.85,36.42,37.8,39.83,43.7,41.3,52.88,46.75,44.05,38.52,38.22,31.38,28.72,27.95,30.18,31.45,29.18,26.65,26.82,24.2,18.52
221,충무로역,12.4,10.9,12.1,14.3,22.9,23.8,32.55,32.83,33.2,37.6,39.25,40.02,35.28,40.5,37.0,42.18,36.45,40.05,38.55,43.85,42.2,49.5,47.22,45.65,52.35,43.38,40.0,37.48,36.8,36.3,35.35,32.35,30.82,28.32,28.88,18.92
222,충정로역,10.6,9.3,9.98,11.65,19.02,22.0,23.22,25.92,26.5,28.87,32.45,37.35,42.52,49.78,39.3,47.05,46.25,40.7,45.42,52.92,45.65,55.78,50.72,53.02,45.05,43.8,43.1,36.65,35.45,37.15,38.05,38.85,40.18,36.62,41.75,22.3
223,태릉입구역,16.58,14.55,16.85,20.52,25.9,28.45,33.08,33.4,31.72,30.02,29.3,32.2,30.08,31.52,32.9,30.78,32.4,30.38,33.6,34.4,35.97,38.62,40.42,34.85,34.02,29.28,26.9,24.48,21.5,24.05,24.78,22.42,23.05,18.77,17.9,17.23
224,하계역,14.6,12.78,15.22,19.08,23.9,26.22,30.22,31.35,28.6,28.25,26.82,28.33,27.62,28.72,28.98,28.65,29.18,27.4,30.85,29.78,32.22,34.2,35.02,31.1,29.35,24.75,22.12,21.1,18.05,19.55,20.92,17.6,18.6,15.18,15.1,13.6
225,하남검단산역,1.32,0.98,1.27,1.48,1.98,2.5,2.78,2.9,2.92,2.62,2.6,2.82,3.02,3.03,3.38,3.08,3.25,3.25,3.72,4.05,4.15,4.25,3.7,3.6,3.82,4.75,2.68,2.55,2.08,1.8,2.22,2.08,2.5,1.62,0.43,0.48
226,하남시청역,6.45,5.05,5.1,6.75,8.3,10.9,11.85,12.45,12.9,12.55,11.75,12.6,12.45,12.55,13.5,12.85,12.3,12.4,12.8,14.45,14.6,14.35,13.3,12.25,12.15,14.35,9.3,9.1,7.25,5.9,6.4,6.4,7.15,5.15,2.4,1.7
227,하남풍산역,5.5,4.5,4.75,5.98,7.9,10.32,11.85,11.8,14.85,12.98,11.72,12.12,12.1,13.02,13.65,13.35,12.8,12.9,13.45,14.28,14.95,14.9,14.42,14.62,13.45,14.35,10.98,10.75,8.65,7.92,8.65,7.85,8.72,7.32,5.0,6.18
228,학동역,23.45,16.8,17.27,20.17,23.48,28.05,34.58,34.8,32.85,33.78,35.02,41.92,39.92,42.92,42.0,43.22,39.67,44.35,42.4,47.35,49.2,57.77,48.8,51.92,43.88,40.62,36.52,31.67,32.28,33.67,30.45,30.02,28.85,26.22,23.15,16.0
229,학여울역,6.7,5.0,5.08,5.5,7.75,9.55,10.65,12.15,11.08,11.77,11.3,12.7,11.92,13.5,14.15,13.12,11.88,12.25,12.68,14.55,15.02,13.62,16.58,15.18,14.27,11.88,9.3,8.25,9.28,8.05,8.9,7.95,7.3,9.55,5.32,4.78
230,한강진역,8.0,7.2,7.82,8.9,12.32,14.18,16.12,17.47,18.48,19.83,20.1,23.48,23.95,25.67,25.32,28.38,25.05,26.75,27.12,29.7,31.5,32.83,32.08,32.83,29.92,27.05,23.02,20.9,23.4,19.23,26.18,22.38,21.82,18.7,18.65,9.93
231,한성대입구역,19.73,17.3,18.08,22.02,32.83,37.02,43.78,40.08,42.82,43.18,42.72,40.92,35.8,42.35,38.5,40.3,35.28,40.75,35.58,44.5,40.83,45.47,49.7,46.6,46.08,40.82,38.98,38.38,36.72,34.08,40.75,35.8,33.05,31.7,32.28,26.28
232,한양대역,8.38,7.18,8.28,9.88,13.88,16.98,19.92,21.95,19.82,22.3,34.78,29.92,30.08,35.58,34.9,33.9,33.45,36.85,46.12,44.12,38.2,42.72,42.85,37.55,38.78,42.75,36.88,29.75,26.4,26.85,29.8,28.15,28.22,24.85,22.28,17.48
233,합정역,15.5,10.3,11.28,14.82,20.52,23.08,26.88,27.2,31.78,31.62,32.47,37.6,36.25,48.25,43.97,44.55,47.15,42.55,45.3,48.05,49.42,55.32,51.42,54.25,42.38,47.3,41.65,37.55,38.03,39.58,44.82,41.9,46.18,38.67,39.57,24.85
234,행당역,11.55,9.02,11.92,13.23,17.45,19.52,23.38,25.95,26.88,27.8,28.35,30.25,31.78,34.98,34.55,34.25,31.78,34.78,35.55,36.1,37.95,41.35,39.8,35.65,32.78,27.85,23.75,22.05,21.28,23.38,23.18,20.92,21.52,18.42,16.23,11.32
235,혜화역,19.73,17.35,17.85,22.02,32.62,36.58,42.62,41.38,43.82,41.1,44.02,42.3,37.5,41.88,38.12,43.42,35.15,43.4,37.9,48.58,47.15,50.42,57.58,52.58,54.23,46.68,44.25,46.28,45.92,40.48,50.72,44.82,41.4,38.85,41.92,26.08
236,홍대입구역,11.95,10.35,10.32,13.3,19.45,21.1,23.98,23.05,27.9,27.78,29.17,30.9,36.38,42.05,35.1,40.25,42.52,34.65,41.6,45.98,45.08,50.62,50.3,50.45,40.75,44.82,40.9,36.35,38.5,39.3,45.0,43.55,48.98,42.45,42.6,27.75
237,홍제역,13.2,9.82,12.22,14.8,23.48,24.7,28.28,32.88,29.68,29.0,35.85,29.42,31.55,30.28,30.2,31.58,32.58,30.38,29.6,32.97,37.2,36.12,36.67,33.05,32.05,31.75,24.48,23.02,21.42,22.95,24.45,23.52,21.78,18.2,16.1,10.05
238,화곡역,10.48,8.9,9.25,12.48,16.25,18.65,21.67,22.65,21.15,22.7,22.52,24.32,25.35,26.52,26.65,26.05,24.45,25.15,24.18,25.52,25.1,27.75,25.0,24.1,22.45,19.6,17.73,14.9,13.72,13.15,13.25,12.42,14.32,11.4,10.18,7.02
239,화랑대역,2.95,3.75,3.65,5.35,7.22,7.68,8.28,8.68,8.65,8.57,8.45,9.12,9.08,9.55,9.98,8.68,8.3,7.95,7.72,8.62,8.25,9.07,10.02,8.02,7.22,6.75,5.48,4.28,4.3,3.82,4.92,4.3,4.15,3.52,2.9,2.42
240,회현역,12.6,10.15,11.25,13.32,20.98,21.92,29.65,29.4,30.7,34.1,37.08,36.22,33.28,37.72,34.17,37.78,33.72,36.67,35.17,40.33,39.98,43.32,43.8,42.92,45.8,43.32,38.02,34.05,34.62,32.12,32.15,28.8,26.92,24.58,27.45,17.62
241,효창공원앞역,10.25,7.32,9.25,10.22,15.5,17.0,20.38,24.1,22.05,26.45,26.2,27.22,28.35,34.35,32.78,33.25,31.02,31.25,32.2,33.8,36.82,40.08,37.45,37.92,33.35,32.33,25.22,22.8,22.5,21.2,23.9,24.17,24.98,22.68,21.1,13.0
