,역명,5시30분,6시00분,6시30분,7시00분,7시30분,8시00분,8시30분,9시00분,9시30분,10시00분,10시30분,11시00분,11시30분,12시00분,12시30분,13시00분,13시30분,14시00분,14시30분,15시00분,15시30분,16시00분,16시30분,17시00분,17시30분,18시00분,18시30분,19시00분,19시30분,20시00분,20시30분,21시00분,21시30분,22시00분,22시30분,23시00분,23시30분,00시00분,00시30분
0,가락시장역,24.25,29.95,39.65,52.9,77.95,99.2,95.75,77.1,64.45,47.95,41.5,38.0,39.1,41.3,40.95,42.7,41.05,39.9,44.0,46.35,49.5,58.0,65.95,88.4,91.0,114.65,95.1,70.8,48.5,42.8,45.05,48.55,44.3,46.15,38.0,28.45,21.35,10.5,6.75
1,가산디지털단지역,41.25,31.0,37.4,49.75,64.4,66.6,51.55,41.9,34.3,28.45,24.15,26.4,22.85,25.95,26.4,28.9,26.05,27.45,26.6,30.7,32.8,40.65,48.3,68.0,83.25,98.65,84.6,61.95,49.05,38.15,37.75,38.9,36.3,35.15,33.3,31.45,18.75,10.3,10.5
2,강남구청역,19.35,35.5,30.25,42.25,58.45,70.7,54.2,50.4,52.55,39.45,33.65,29.25,30.1,28.95,32.4,32.5,31.7,31.65,33.2,36.85,40.6,45.45,54.8,68.1,73.75,91.5,79.05,60.85,49.55,45.3,42.45,48.75,45.5,49.9,37.75,26.4,23.4,11.9,11.25
3,강남역,39.45,23.55,29.25,38.7,54.95,73.9,79.85,68.1,57.0,40.0,44.85,35.65,40.6,44.15,43.45,45.15,48.95,45.6,47.05,58.35,56.2,64.85,66.2,90.7,88.65,100.8,96.55,70.85,51.85,48.55,48.45,61.25,68.8,65.3,39.75,36.85,20.55,19.45,11.0
4,강동구청역,19.6,28.05,36.55,46.3,61.2,81.2,66.6,62.05,45.5,34.95,27.8,28.1,28.05,28.3,29.05,31.3,28.95,27.7,31.05,33.9,36.75,41.7,45.95,59.5,64.55,66.2,77.65,46.0,41.05,31.95,32.1,32.75,30.9,35.4,25.55,22.05,16.05,8.65,5.65
5,강동역,15.15,23.1,33.25,36.7,53.25,80.5,59.6,46.75,36.9,29.9,33.65,31.85,29.85,37.55,34.3,31.9,35.55,33.55,31.85,34.75,43.0,44.25,51.6,47.9,52.2,57.25,68.9,51.65,40.95,37.65,32.65,33.45,33.75,31.5,29.0,23.5,15.2,9.6,6.65
6,강변역,15.3,17.15,17.0,27.75,38.6,60.1,47.05,36.8,35.2,22.6,22.1,29.2,23.5,26.35,29.3,27.25,26.65,28.8,27.9,30.7,33.55,32.15,38.25,44.1,39.0,51.8,57.15,34.3,25.7,27.5,24.95,31.5,33.0,32.05,21.65,16.0,11.85,10.45,8.95
7,강일역,18.5,20.35,27.2,39.65,48.7,48.75,40.85,34.15,25.0,20.95,18.45,19.0,18.7,19.65,19.65,20.8,19.95,18.85,18.7,21.15,22.45,27.15,29.55,31.45,38.3,46.7,40.25,31.45,23.95,22.8,21.75,20.55,18.95,21.25,17.95,14.8,10.4,5.45,4.9
8,개롱역,12.15,13.3,17.0,28.05,37.3,44.05,37.15,26.45,18.9,17.65,16.8,15.4,16.3,18.85,17.8,18.5,18.55,18.35,17.95,19.4,21.9,26.6,31.55,22.4,19.8,31.25,31.25,25.45,22.1,17.6,18.0,16.9,15.6,17.95,13.45,11.55,6.8,2.8,4.4
9,개화산역,4.65,3.1,3.75,6.0,7.4,7.0,5.65,4.2,3.95,3.55,3.2,3.3,3.35,3.95,3.6,3.8,4.2,3.6,3.55,3.7,3.9,4.25,4.5,4.3,4.65,6.0,5.4,4.1,3.05,3.1,2.8,2.6,2.35,2.65,1.95,1.45,1.0,1.1,0.75
10,거여역,9.5,9.35,13.55,21.45,27.7,31.5,25.75,19.25,13.15,12.35,11.15,10.1,10.45,12.0,11.3,11.3,10.55,11.2,10.15,11.15,12.4,14.75,17.5,12.2,10.6,15.65,16.1,12.65,11.2,9.15,8.75,8.75,8.4,8.05,6.3,5.95,3.25,1.3,2.65
11,건대입구역,30.0,37.75,39.8,54.3,70.7,81.55,65.35,64.25,59.4,42.7,34.15,31.55,31.85,31.65,33.55,36.65,32.65,33.35,36.95,40.05,43.15,51.3,58.1,72.1,82.15,86.45,90.85,57.85,54.85,50.65,47.2,54.8,54.15,55.95,45.4,31.25,28.7,22.1,11.4
12,경복궁역,22.75,24.4,30.4,41.45,60.85,81.75,59.95,48.75,43.65,39.2,38.1,34.8,32.7,35.95,42.1,43.9,40.65,32.9,39.0,45.15,54.6,57.1,52.95,68.15,79.2,81.7,72.7,54.2,42.45,34.75,33.05,32.15,34.75,32.25,31.9,22.95,16.7,10.2,4.55
13,경찰병원역,4.4,8.35,7.65,11.05,16.4,20.0,15.35,12.5,6.4,6.5,6.1,6.4,7.55,8.05,6.15,6.55,6.35,7.25,7.55,7.35,7.05,12.35,12.15,15.15,12.8,14.1,15.45,10.6,6.45,5.4,5.7,5.05,6.35,6.35,5.1,4.1,3.25,1.4,0.75
14,고덕역,17.45,20.2,37.75,32.6,54.7,71.3,52.5,44.7,35.75,30.3,29.55,31.4,29.3,32.9,31.5,31.6,31.95,29.8,31.5,34.0,36.3,44.85,48.9,50.7,54.65,58.05,65.0,50.1,39.9,36.75,33.4,32.75,30.95,33.15,26.7,22.9,13.4,7.35,6.45
15,고려대역,12.9,15.05,18.35,26.55,40.7,55.45,46.45,42.8,32.1,28.25,20.45,23.9,22.8,23.4,24.5,24.1,23.3,21.7,23.1,26.8,25.9,29.4,34.15,38.65,47.5,54.0,54.3,40.0,26.2,20.25,20.9,23.4,23.25,23.35,19.7,14.8,9.65,7.0,4.9
16,고속터미널역,19.05,36.8,28.85,41.3,60.45,72.85,79.3,57.65,56.0,37.8,37.05,43.2,37.25,43.05,42.9,43.25,48.7,46.75,44.85,50.65,47.0,53.0,65.2,69.35,70.8,86.85,74.7,64.4,49.35,45.1,42.9,46.4,46.45,49.15,44.05,28.7,20.85,10.35,9.1
17,공덕역,18.0,19.55,23.15,45.15,69.15,85.3,60.15,39.75,33.25,25.9,28.6,32.65,34.15,28.6,31.05,32.95,32.4,30.3,29.55,32.25,34.15,39.8,46.2,60.75,64.85,72.05,63.0,44.65,39.1,32.65,30.5,32.15,29.7,28.85,22.85,18.1,13.65,12.8,5.75
18,공릉역,32.95,26.1,33.45,45.85,57.95,59.0,48.65,46.2,34.0,27.0,23.9,24.55,24.15,28.65,26.45,27.05,25.95,24.6,25.05,27.65,29.0,33.25,39.7,41.55,46.0,53.2,57.85,36.3,28.9,29.35,29.7,28.65,31.65,31.8,27.85,18.6,13.4,11.8,9.95
19,광나루역,27.85,36.45,36.35,56.95,75.6,91.2,59.15,48.4,36.4,35.1,33.0,34.05,33.2,35.4,35.3,37.4,35.0,32.85,34.8,37.05,40.45,47.85,56.15,63.3,69.25,65.5,72.5,58.75,49.65,40.65,39.2,37.3,35.25,36.5,33.7,25.05,17.2,11.5,12.8
20,광명사거리역,42.1,30.5,36.85,55.25,72.6,80.6,64.75,48.9,36.85,27.3,23.25,20.9,22.65,20.9,24.8,22.4,23.65,20.9,22.3,22.75,27.05,28.65,39.15,45.1,57.1,69.0,66.95,41.25,36.25,28.25,28.15,27.15,26.55,27.2,23.9,22.3,13.2,6.6,6.95
21,광화문역,16.0,16.05,19.35,35.4,47.45,57.4,38.75,27.55,26.2,21.55,24.05,28.75,28.2,26.6,27.75,30.35,28.65,30.4,29.1,32.45,35.55,40.45,47.5,62.05,63.8,78.4,63.75,48.2,40.65,34.1,33.3,34.85,34.15,31.1,25.9,19.1,15.1,16.5,6.9
22,광흥창역,12.4,11.35,13.55,21.65,28.1,37.35,31.25,22.35,27.05,19.55,20.15,18.6,18.65,19.25,21.35,20.75,22.15,19.85,20.0,22.05,24.3,26.0,30.0,32.1,35.7,52.3,43.05,31.8,23.05,20.1,19.15,21.2,21.65,22.25,16.75,14.35,8.8,6.1,6.5
23,교대역,46.85,28.3,33.2,50.6,63.8,82.1,88.55,79.25,62.95,44.65,50.4,37.6,43.0,44.6,44.0,45.7,51.25,45.6,48.6,57.75,56.35,64.5,66.95,87.9,92.45,97.1,102.3,74.75,52.3,49.9,47.2,60.5,67.7,65.8,44.1,33.45,20.1,19.15,11.7
24,구로디지털단지역,49.0,33.85,31.45,44.85,57.8,76.45,58.6,53.4,35.4,30.9,28.85,26.8,29.25,32.65,33.3,37.7,32.4,32.6,34.15,35.9,40.1,46.45,48.85,54.2,69.25,77.45,79.75,56.7,41.45,32.5,36.15,41.2,43.55,44.95,35.3,28.45,21.55,11.95,15.05
25,구산역,8.55,6.5,9.95,15.75,20.15,23.25,14.55,11.45,10.5,9.7,8.9,8.5,8.2,9.25,9.05,8.5,8.55,8.0,7.75,9.0,9.05,11.15,12.85,11.6,9.05,10.85,10.55,6.85,5.55,5.15,5.05,5.0,4.45,5.2,3.25,2.7,1.7,0.85,0.95
26,구의역,18.15,17.95,17.5,28.0,39.35,60.35,46.4,35.85,33.8,21.6,21.75,29.45,23.35,26.35,29.95,28.05,26.55,29.2,29.1,30.35,34.65,33.4,40.45,44.6,38.6,54.25,56.15,33.6,25.35,27.05,23.95,32.15,32.65,31.7,23.5,15.35,12.45,10.65,9.55
27,구파발역,19.9,18.3,22.3,33.55,40.25,52.25,35.4,25.6,25.65,25.5,21.85,22.9,17.9,21.85,26.15,27.85,22.6,18.45,20.3,25.05,33.55,29.55,25.6,33.2,46.5,39.25,36.3,30.7,21.7,19.2,15.55,18.5,17.95,15.65,13.65,15.6,5.75,4.3,1.35
28,군자역,54.85,41.6,45.35,66.4,85.05,99.45,76.15,76.65,69.05,48.85,39.95,35.95,34.65,35.45,37.55,38.9,35.05,33.95,36.7,38.9,43.05,48.85,58.65,68.85,76.6,88.45,91.5,55.85,52.35,45.15,45.8,50.25,48.95,50.55,42.45,26.95,23.4,18.9,11.4
29,굽은다리역,26.2,23.05,46.45,47.2,61.65,90.2,66.3,58.55,45.15,38.8,36.7,39.3,37.4,41.75,40.3,40.4,41.9,38.25,41.4,40.85,45.0,54.5,61.35,62.8,69.05,69.7,82.3,63.55,49.9,45.45,41.5,40.5,39.75,40.2,34.4,27.85,16.8,9.1,8.1
30,금호역,20.85,22.55,23.75,37.5,49.05,75.4,61.55,58.05,50.35,38.75,38.2,44.1,36.75,40.4,50.8,43.95,49.4,43.6,44.5,52.1,52.2,58.05,65.05,70.3,68.4,88.15,78.25,57.2,41.55,35.25,31.0,32.7,31.3,36.75,31.7,20.25,15.3,10.5,6.6
31,길동역,27.25,24.1,49.05,46.5,64.8,96.05,70.35,63.15,46.1,41.6,40.75,42.0,39.8,44.7,42.9,43.75,45.15,41.3,44.95,44.5,50.7,59.5,67.1,74.4,82.4,75.7,89.5,68.5,55.8,50.75,46.75,44.8,42.9,44.6,38.2,30.75,20.3,10.15,7.15
32,길음역,39.05,27.0,33.2,50.9,63.05,96.85,67.1,53.8,40.5,32.2,32.55,32.1,31.65,32.4,36.45,32.75,32.2,29.25,35.15,36.1,39.4,36.0,52.7,56.8,54.55,66.15,66.9,50.3,31.85,30.6,26.4,27.65,26.15,27.65,38.6,25.1,17.25,11.65,8.8
33,김포공항역,4.65,4.55,5.0,7.5,11.1,12.5,13.0,8.25,7.75,6.35,6.1,6.3,6.4,7.2,6.75,6.9,8.15,7.25,6.75,7.7,8.1,8.8,9.2,8.75,9.0,12.5,14.9,11.6,7.65,7.2,6.7,6.45,6.3,7.05,6.1,4.0,2.75,2.25,1.8
34,까치산역,25.6,22.65,24.2,39.95,58.1,66.55,47.6,32.4,27.4,24.25,22.95,22.15,23.1,24.15,24.2,24.6,24.6,22.9,22.95,24.9,26.2,30.35,33.6,37.7,40.4,49.3,49.1,34.75,28.45,27.55,23.65,23.0,21.55,22.55,18.5,14.35,10.0,8.9,7.9
35,낙성대역,48.6,36.0,37.6,55.8,69.65,86.75,87.5,80.45,46.3,42.55,41.7,30.8,38.3,41.15,39.3,42.25,43.0,38.6,41.3,47.05,50.65,59.9,57.3,67.7,80.7,78.2,88.0,70.7,47.65,40.2,45.85,48.9,59.05,59.55,42.45,34.55,20.05,16.55,15.15
36,남구로역,48.65,34.95,37.95,50.4,70.4,75.9,59.65,46.7,36.85,30.35,25.1,26.7,22.65,26.15,26.15,27.8,25.4,25.75,24.55,28.5,29.7,35.8,42.85,53.55,62.8,72.1,66.65,53.25,42.7,32.4,32.95,33.05,31.6,30.45,29.6,28.1,16.55,9.15,8.65
37,남부터미널역,13.65,19.9,21.55,33.1,41.25,55.6,55.05,37.35,35.3,25.0,28.5,31.65,28.6,34.15,31.85,32.2,34.1,34.4,34.0,40.6,34.0,43.55,56.1,65.0,55.5,72.65,65.45,42.1,30.7,26.0,24.05,26.1,27.35,31.55,23.15,14.8,10.25,7.0,3.35
38,남성역,41.6,37.85,34.1,52.6,69.35,86.75,58.0,52.05,44.75,38.95,30.6,27.55,28.15,27.25,29.6,30.3,28.85,27.2,29.75,31.6,33.4,38.35,47.35,51.1,60.6,68.3,59.35,53.35,43.05,33.2,35.45,36.75,36.5,36.95,37.85,26.95,18.55,9.6,10.6
39,남위례역,18.45,15.65,19.5,25.55,33.55,45.5,42.3,34.5,26.0,20.15,17.0,15.25,14.65,17.25,18.4,19.3,16.3,15.7,15.75,19.15,20.25,23.8,28.3,34.65,32.3,41.7,34.85,29.25,19.25,17.8,16.7,18.85,17.8,18.6,16.8,12.9,10.4,5.3,5.05
40,남태령역,19.6,35.4,34.7,63.6,75.65,92.9,60.9,72.35,62.75,47.5,44.65,47.25,41.85,39.9,41.8,48.9,41.75,40.65,37.85,54.05,44.45,49.55,62.55,75.9,78.55,87.65,105.55,60.2,44.0,32.65,46.85,30.6,35.6,39.95,32.45,24.75,23.05,9.15,0.0
41,남한산성입구역,17.9,13.7,15.7,20.85,28.3,39.3,32.55,25.15,17.45,14.5,12.8,12.35,11.6,13.35,14.5,14.25,12.9,12.25,12.05,14.6,16.45,19.05,22.25,25.8,21.8,27.2,23.25,17.75,13.0,11.3,10.7,11.55,11.1,11.1,9.5,7.6,5.75,3.15,2.9
42,내방역,21.85,45.55,35.1,57.25,70.95,89.7,62.4,56.0,54.45,41.0,33.65,32.4,30.85,30.85,34.55,34.65,32.45,32.65,33.95,37.5,39.25,45.95,56.2,65.7,70.55,86.75,71.65,63.65,49.15,41.35,40.45,44.25,43.45,45.85,41.35,27.8,19.55,9.85,7.7
43,노원역,20.25,16.5,22.95,27.55,37.3,36.75,31.75,29.45,22.7,17.95,15.8,17.35,16.2,17.95,17.65,18.3,17.2,17.0,17.0,18.7,20.0,21.4,25.6,26.2,27.85,33.7,34.25,25.95,18.7,19.3,19.1,18.55,20.65,21.35,16.85,12.25,8.6,7.2,6.7
44,녹번역,27.65,24.7,31.25,41.1,61.85,78.1,52.6,44.1,39.5,32.65,35.2,27.25,28.65,29.65,33.75,37.4,30.95,28.05,27.55,35.2,43.75,40.55,37.3,46.0,62.65,59.2,59.3,41.2,33.2,26.65,26.75,22.95,26.25,22.35,24.5,19.1,13.05,7.1,5.95
45,녹사평역,9.1,12.4,14.4,21.65,31.7,41.35,33.85,29.1,28.6,23.0,20.95,21.75,19.5,20.2,21.65,22.15,21.75,20.3,20.05,22.55,24.45,28.5,31.25,34.8,40.1,50.75,49.3,35.75,24.9,21.45,21.8,23.15,24.6,23.65,21.2,14.65,9.8,8.95,5.0
46,논현역,17.25,39.35,29.95,42.05,56.5,70.0,54.85,46.6,49.9,37.8,32.5,29.3,29.45,28.6,31.85,31.9,31.1,30.95,32.1,35.1,37.8,42.85,52.0,64.7,68.55,87.4,71.95,60.1,46.5,42.95,39.8,46.6,43.4,48.2,41.1,27.05,22.2,10.45,11.15
47,단대오거리역,14.15,9.45,11.15,14.95,19.5,27.15,21.95,17.0,12.5,11.2,10.2,9.8,9.35,10.55,10.85,10.95,10.65,9.9,9.85,11.1,13.05,14.6,17.15,18.35,14.85,19.45,16.4,12.15,8.6,7.8,7.95,7.95,7.7,7.35,6.6,4.7,3.8,2.05,1.8
48,답십리역,22.75,27.95,30.55,49.4,67.75,80.1,55.0,44.2,37.1,31.0,31.8,31.65,29.85,32.5,33.85,32.75,32.15,32.05,31.2,34.55,37.8,41.45,51.25,60.15,62.0,59.1,65.25,50.9,44.1,37.6,32.5,34.3,34.8,32.75,29.05,22.45,18.2,7.85,9.3
49,당고개역,2.25,5.2,4.95,7.25,10.75,12.65,7.55,8.0,5.5,3.6,4.25,5.05,3.65,4.85,5.2,5.7,4.35,3.65,4.55,4.6,4.65,6.0,5.35,6.5,6.95,7.75,7.0,4.55,3.75,2.85,3.15,2.25,2.65,2.95,2.1,2.6,3.05,1.65,0.7
50,당산역,21.45,28.9,29.55,41.3,71.95,96.6,69.95,50.3,38.1,33.05,33.2,32.7,34.35,35.9,36.65,38.85,37.4,34.4,37.75,35.2,37.7,47.1,52.4,56.1,60.05,77.8,85.2,55.05,37.45,32.15,47.7,43.1,37.9,54.05,38.05,37.9,17.1,12.55,9.95
51,대림역,56.2,39.5,33.15,46.2,62.1,85.85,69.85,58.75,39.8,30.85,31.05,28.55,30.7,33.8,35.5,39.35,34.05,33.95,35.55,35.55,41.9,46.05,48.2,54.35,68.85,75.75,80.5,56.15,42.05,32.5,35.9,41.5,43.75,44.1,36.95,27.65,22.7,10.2,16.6
52,대청역,7.15,11.3,11.45,17.65,25.1,33.05,28.4,22.15,16.15,13.15,14.3,14.0,15.5,17.2,15.35,15.45,15.2,16.5,18.95,16.95,17.2,21.0,30.3,30.35,23.55,29.55,30.35,16.4,13.1,11.75,10.2,9.85,10.95,13.9,10.25,6.15,4.85,3.35,1.85
53,대치역,6.85,12.35,13.55,18.35,28.35,34.5,32.65,23.3,18.15,14.35,15.65,16.35,16.0,19.55,17.0,17.9,17.05,18.5,19.8,19.9,16.95,23.95,31.3,33.15,26.2,33.2,34.25,19.3,15.55,12.9,12.75,12.5,13.1,20.65,12.85,7.45,5.9,3.75,2.15
54,대흥역,12.5,11.55,13.7,22.15,28.2,38.2,32.25,23.3,26.5,19.2,20.35,18.65,18.2,19.5,22.05,20.85,22.5,20.6,19.75,23.1,24.4,28.2,30.6,33.25,36.9,52.45,43.25,31.85,22.85,20.7,20.15,22.3,23.1,24.0,18.0,15.25,9.1,7.2,6.95
55,도곡역,7.45,14.05,14.35,20.8,29.3,38.6,39.2,26.35,20.55,16.9,17.85,18.65,19.05,22.8,20.45,20.9,20.8,21.5,23.3,23.45,20.7,27.35,36.95,39.0,30.5,37.25,39.35,22.7,17.55,14.55,13.75,14.7,14.7,21.15,13.6,9.4,7.0,4.35,2.55
56,도림천역,18.0,21.55,32.2,41.25,65.6,80.0,54.3,40.3,27.8,20.5,18.5,16.5,16.8,16.15,17.9,18.4,17.1,16.85,16.75,18.8,22.2,23.0,28.5,32.85,43.95,61.1,67.25,50.3,35.0,25.75,23.2,21.65,22.3,19.5,21.1,14.75,9.85,4.85,3.45
57,도봉산역,5.35,5.3,7.85,11.1,12.7,11.75,12.2,11.85,8.0,6.05,4.75,4.8,4.95,4.5,5.3,4.55,4.55,4.55,4.45,4.75,4.75,5.5,6.15,5.15,4.45,5.7,5.95,4.05,2.75,2.55,2.1,2.25,2.4,2.25,2.05,1.15,0.95,0.65,0.0
58,독립문역,22.55,26.2,31.3,42.4,61.7,85.05,61.4,51.2,43.25,38.6,36.7,32.6,31.3,32.3,40.2,40.75,37.1,28.35,34.85,40.35,49.25,48.95,45.25,58.4,77.0,72.15,68.5,50.3,40.05,31.55,31.15,28.85,31.2,29.45,28.8,20.85,15.3,8.7,6.45
59,독바위역,2.35,2.55,3.45,5.55,7.15,6.95,4.5,3.65,3.95,4.05,4.1,4.0,4.1,4.5,4.6,4.7,4.65,4.8,4.8,5.05,5.9,6.5,8.0,6.9,7.1,9.5,11.4,7.85,6.0,4.7,4.4,4.6,5.0,4.45,3.8,3.0,2.3,0.75,1.7
60,돌곶이역,13.0,13.25,16.6,23.3,36.05,45.9,38.15,32.5,24.2,22.4,16.7,18.2,17.45,19.8,18.85,17.85,17.65,16.9,17.65,18.9,19.1,22.85,24.2,27.95,34.15,39.15,39.8,30.25,20.3,14.55,14.55,16.8,16.0,16.9,14.35,11.1,7.8,4.75,3.85
61,동대문역,38.25,30.25,32.8,49.45,64.5,94.2,83.5,56.25,62.65,39.7,41.85,39.65,44.0,42.5,48.8,44.55,48.65,42.75,48.15,51.2,55.55,54.3,71.7,79.0,79.85,83.75,89.7,64.6,41.5,39.7,35.6,37.55,38.5,49.7,45.4,31.85,26.8,14.05,9.75
62,동대문역사문화공원역,28.35,26.35,25.4,44.7,62.65,81.55,68.25,48.6,55.3,36.05,38.85,36.65,41.25,39.05,43.7,41.4,45.15,39.05,44.25,46.3,50.7,49.55,62.55,70.7,73.6,79.45,84.15,61.5,39.9,36.35,33.4,34.85,40.4,44.95,42.5,29.55,21.6,13.75,9.75
63,동대입구역,14.85,19.1,21.35,32.75,43.0,63.45,50.25,48.65,40.7,34.0,34.05,37.4,32.75,36.3,45.9,39.85,44.5,40.6,41.7,48.45,50.8,57.55,58.25,63.7,66.5,81.65,69.1,51.65,38.0,31.35,31.2,30.6,31.15,32.9,28.25,19.85,13.9,9.05,4.95
64,동묘앞역,13.25,16.4,19.85,27.55,44.6,62.55,56.6,47.95,41.95,37.2,25.55,30.8,28.75,29.05,30.25,29.6,31.65,28.25,28.8,33.8,34.5,36.55,42.8,53.2,60.2,68.0,73.8,50.5,33.75,26.85,28.55,30.1,32.45,31.65,28.35,20.2,13.95,11.5,7.9
65,동작역,7.75,21.75,15.85,27.45,39.95,46.75,41.7,36.4,35.0,25.5,22.55,24.05,25.55,26.65,26.05,29.75,25.05,27.65,23.5,29.95,27.95,36.7,40.45,45.35,43.6,48.5,57.95,33.15,24.95,19.65,20.9,20.45,21.75,30.3,22.2,20.15,12.35,7.85,9.1
66,둔촌동역,14.85,19.45,27.85,38.2,61.45,77.95,68.6,42.9,31.8,29.8,30.4,29.8,29.85,33.95,33.4,34.05,33.5,29.8,32.35,33.65,38.9,42.2,54.35,42.45,40.65,56.65,63.2,47.55,39.45,30.0,32.6,29.65,27.9,32.8,26.65,21.2,10.5,7.55,7.55
67,디지털미디어시티역,15.85,17.1,21.3,36.85,40.05,53.95,36.85,28.15,27.5,24.2,21.8,21.25,20.2,22.25,21.35,22.55,22.55,21.4,20.95,22.4,26.35,29.7,35.9,37.5,39.75,59.75,61.1,39.85,30.7,25.8,23.9,25.45,26.3,25.9,21.25,17.1,10.6,7.1,6.95
68,뚝섬역,11.35,16.95,14.25,28.15,34.2,51.35,43.4,30.6,29.0,19.5,23.1,26.3,23.85,26.55,28.8,29.2,27.05,29.2,29.8,31.65,35.75,31.3,39.75,46.6,47.3,66.45,61.1,38.0,27.45,31.5,24.95,27.65,34.0,30.1,26.1,17.3,14.4,8.95,5.9
69,뚝섬유원지역,31.25,38.8,39.45,53.45,70.5,85.15,69.75,67.3,64.95,45.2,36.15,31.2,31.65,29.75,33.1,34.5,32.5,31.3,33.35,36.55,38.5,43.25,53.1,63.85,72.05,76.85,80.7,52.8,48.1,42.1,39.05,45.3,43.2,46.15,37.55,25.45,22.7,16.4,6.6
70,마곡역,17.7,11.2,10.55,15.9,21.65,21.55,16.85,11.45,11.15,10.65,10.85,11.15,11.6,12.15,11.45,12.65,12.95,12.5,12.5,14.3,14.4,17.3,17.65,18.85,18.8,29.6,24.1,17.6,12.35,12.3,11.1,11.3,10.5,11.0,8.3,6.15,4.1,3.7,2.1
71,마들역,17.85,14.25,19.9,23.3,31.45,31.25,27.45,25.35,18.95,14.5,12.75,13.7,12.85,13.65,13.7,13.9,13.2,12.5,12.8,13.95,14.45,15.5,18.75,18.55,19.8,23.8,24.35,18.15,12.25,12.55,12.35,12.2,12.6,12.35,10.3,7.7,5.05,3.85,3.35
72,마장역,18.9,25.9,29.85,46.5,67.5,78.05,58.5,44.3,37.15,32.0,31.5,32.9,30.4,32.65,34.6,34.35,33.2,32.75,32.5,36.0,38.65,42.4,54.25,61.45,65.85,59.6,69.0,53.85,47.25,37.55,35.35,37.05,35.8,34.5,30.6,23.6,19.5,8.9,9.8
73,마천역,4.75,4.35,6.0,9.35,11.75,12.75,8.9,7.55,4.5,4.45,3.75,3.45,3.4,3.8,3.7,3.5,3.1,3.55,3.0,2.75,2.6,3.45,3.55,3.1,1.95,4.25,2.5,2.05,1.5,1.5,1.35,1.35,0.85,1.05,0.75,0.7,0.15,0.25,0.0
74,마포구청역,19.0,19.75,22.85,39.5,46.25,63.7,45.25,32.3,32.3,25.0,25.35,22.55,22.15,23.7,23.8,24.25,23.8,22.8,22.95,23.7,28.3,31.8,37.6,39.25,42.0,60.25,63.05,41.65,31.4,26.65,24.7,26.15,26.7,26.45,21.45,17.45,10.85,6.2,7.05
75,마포역,20.55,19.3,23.2,43.95,68.85,83.3,58.45,39.35,33.0,25.15,27.85,30.55,33.7,28.2,30.9,33.05,31.8,30.55,30.05,32.55,35.4,41.2,49.3,66.45,70.9,82.4,68.1,48.05,41.9,36.05,33.2,36.1,32.25,31.95,24.65,18.75,12.95,13.5,3.8
76,망원역,21.25,20.8,24.4,42.15,48.55,66.1,50.6,34.1,33.95,27.0,27.0,24.7,24.65,25.4,26.5,26.85,26.25,25.45,25.65,27.35,31.55,34.75,40.75,43.75,47.0,69.15,67.25,45.3,35.65,30.15,28.45,30.3,30.75,30.8,24.1,19.45,12.6,8.4,6.65
77,매봉역,8.25,15.2,15.6,22.95,30.2,39.75,37.85,27.95,23.9,18.5,19.5,20.55,20.85,25.0,22.3,22.9,23.2,24.3,25.7,26.6,23.35,32.55,40.95,44.65,35.15,46.95,46.15,27.0,18.65,17.05,16.0,17.6,17.85,21.0,15.25,10.15,7.65,4.3,2.25
78,먹골역,34.6,28.4,35.3,47.95,63.4,65.35,51.55,51.55,38.2,30.4,25.55,27.2,25.65,29.15,27.7,28.2,27.05,26.1,26.0,28.35,30.5,33.85,41.95,43.7,52.25,55.95,61.15,38.15,32.6,30.8,31.9,30.35,33.9,33.4,30.4,20.35,15.05,12.1,8.1
79,면목역,47.95,37.85,43.15,59.85,80.1,84.2,66.55,65.2,50.8,40.2,31.85,32.1,30.95,32.9,32.4,34.2,30.75,29.95,30.1,34.35,37.5,41.55,49.8,56.1,66.15,69.0,81.0,47.6,41.25,40.15,38.7,37.6,42.5,39.5,37.05,24.8,18.7,14.45,11.75
80,명동역,23.75,17.85,18.05,27.0,35.95,49.1,49.6,35.75,44.65,29.05,31.45,30.2,34.7,33.15,35.6,35.15,34.8,33.4,36.45,37.5,42.6,41.5,50.8,57.8,53.05,65.65,53.2,38.1,28.4,24.85,24.2,26.45,26.65,32.35,28.05,20.7,14.45,9.05,6.25
81,명일역,21.45,23.75,41.85,40.0,63.85,81.6,59.65,50.5,40.0,34.9,33.5,35.65,33.8,38.05,36.0,37.0,36.85,34.2,36.45,36.9,40.35,49.35,55.85,56.55,61.65,61.4,74.0,56.35,44.55,41.7,37.15,36.35,35.25,37.3,31.0,25.3,14.95,8.2,7.1
82,모란역,1.2,1.1,1.05,1.05,1.7,3.55,6.1,3.95,3.65,3.15,3.1,2.7,2.95,3.45,3.8,3.75,3.9,3.95,4.3,5.4,6.2,6.65,7.15,5.5,4.8,7.8,7.65,5.85,4.35,3.75,4.3,3.75,3.45,3.7,3.45,2.65,1.95,0.4,0.15
83,목동역,24.65,23.6,27.05,45.7,64.15,72.1,49.6,38.0,29.7,27.8,25.75,25.5,25.15,26.3,26.8,27.45,26.4,25.3,26.2,28.1,30.35,34.95,39.3,44.4,48.15,56.9,57.1,42.25,35.2,33.75,28.7,29.75,27.2,29.3,23.6,18.7,14.15,10.95,11.9
84,몽촌토성역,19.65,27.8,37.6,47.7,61.05,83.65,72.35,62.1,51.35,35.8,30.1,28.2,27.55,30.35,31.35,31.85,30.5,29.75,32.85,36.15,39.45,43.95,52.0,66.55,68.8,75.65,77.35,52.75,40.3,36.7,34.2,38.5,34.55,38.7,28.35,24.4,18.95,10.55,6.4
85,무악재역,29.2,25.85,31.0,43.25,63.45,84.9,61.2,49.05,43.5,38.1,36.2,31.4,30.65,31.75,38.65,40.25,36.15,28.95,32.65,38.75,50.15,46.55,44.1,57.3,75.45,70.5,67.1,49.05,38.5,30.85,30.45,27.25,31.0,28.65,28.05,21.4,14.9,8.4,6.25
86,문래역,23.85,32.95,34.0,44.6,76.1,100.95,70.85,51.3,37.9,32.75,31.5,32.25,34.85,34.4,36.5,40.4,35.6,36.65,36.8,37.45,39.1,49.25,51.75,58.8,61.45,80.75,87.45,57.25,38.55,32.9,45.0,46.65,37.75,52.0,41.1,39.9,18.2,11.55,9.4
87,문정역,30.35,27.9,36.65,50.3,65.85,81.3,71.9,64.5,51.3,40.8,35.65,33.05,34.6,36.75,36.0,38.5,36.4,36.3,38.5,41.75,44.35,53.3,62.15,85.85,87.55,112.25,88.95,66.0,44.4,39.65,41.1,45.0,40.85,41.85,33.65,24.85,19.25,9.45,5.8
88,미사역,15.4,16.75,22.0,33.0,40.35,39.95,34.05,27.35,19.0,16.0,13.9,14.1,14.4,14.8,15.8,16.15,14.85,14.65,14.45,16.1,17.25,19.75,21.05,21.7,25.0,30.5,23.0,18.95,13.8,14.35,13.6,13.15,12.7,14.5,11.6,10.3,6.55,4.05,3.25
89,미아삼거리역,37.95,25.25,31.35,45.15,60.35,88.6,63.8,49.75,36.8,32.2,29.1,29.8,29.8,30.0,32.15,32.0,29.1,28.85,31.35,33.95,37.2,34.2,44.5,51.75,49.35,60.9,58.75,46.6,30.35,28.6,24.5,24.65,24.9,24.35,34.55,23.4,16.95,10.95,8.1
90,미아역,34.8,23.7,28.4,42.05,58.1,77.3,54.45,45.2,33.4,30.55,26.85,27.95,27.45,28.45,30.1,30.9,27.15,26.75,28.6,31.8,34.55,33.25,38.8,49.45,47.15,54.2,58.3,45.3,29.8,25.8,23.75,23.55,24.8,23.7,29.05,21.95,15.7,10.35,7.5
91,반포역,17.9,39.45,30.5,45.05,61.5,75.6,58.6,51.25,53.7,38.85,31.65,29.35,26.95,28.9,30.3,31.8,29.65,30.45,29.45,34.8,34.7,42.9,49.95,61.25,61.8,76.7,64.9,56.1,42.75,38.4,35.85,40.5,39.65,41.35,36.95,24.75,18.35,9.4,7.8
92,발산역,21.5,13.05,11.95,18.45,25.65,26.5,20.55,13.7,13.85,12.6,13.35,13.6,14.05,14.8,14.3,15.65,16.5,15.5,15.85,18.45,18.55,22.5,22.85,25.05,25.35,38.35,33.0,23.55,17.4,16.4,15.25,16.15,14.6,15.8,11.85,9.2,5.75,5.35,2.65
93,방배역,51.0,33.15,37.15,57.05,69.65,86.55,95.5,82.7,58.85,45.65,49.45,35.05,41.15,44.85,42.9,46.85,48.6,43.3,48.35,56.3,56.0,67.2,62.8,84.25,91.6,92.2,106.55,74.75,51.7,48.8,48.55,58.4,66.45,63.55,44.05,34.4,20.55,18.45,11.25
94,방이역,14.2,18.35,23.05,36.85,48.75,63.95,55.5,37.1,27.6,24.4,24.35,23.35,23.45,27.35,26.0,27.25,27.8,24.25,25.6,27.5,31.9,36.35,44.9,36.85,32.55,54.65,55.7,41.7,34.85,27.8,29.05,26.8,25.5,31.15,23.85,17.85,10.0,3.55,6.45
95,방화역,1.55,1.3,1.85,3.0,3.3,2.9,2.35,2.0,1.8,1.65,1.35,1.4,1.4,1.45,1.45,1.75,2.05,1.35,1.25,1.3,1.35,1.45,1.6,1.2,0.95,1.35,1.0,0.85,0.7,0.7,0.55,0.5,0.35,0.4,0.25,0.2,0.15,0.1,0.1
96,버티고개역,9.45,11.85,13.85,20.05,30.9,41.25,33.4,29.65,29.35,23.25,19.35,21.5,19.65,19.55,21.7,21.0,22.3,20.0,19.85,23.55,24.4,27.15,30.6,34.4,40.45,47.4,46.2,33.15,21.95,18.65,20.75,21.4,22.6,22.25,19.9,12.95,9.5,7.9,4.55
97,보라매역,32.45,30.4,29.2,42.25,56.65,67.2,47.05,39.45,32.8,26.35,23.55,21.25,20.25,21.5,23.3,23.0,22.7,21.6,22.35,24.25,26.25,30.2,37.3,42.4,47.65,56.1,50.05,43.65,35.4,26.2,28.5,28.15,28.9,27.7,26.1,23.05,15.1,7.7,6.7
98,보문역,13.25,17.0,21.75,30.85,48.95,64.7,58.25,51.8,37.95,38.75,25.5,29.75,29.75,29.4,29.7,30.15,31.9,27.25,26.7,33.75,32.75,36.0,42.65,46.2,56.05,64.8,64.8,44.95,31.4,24.6,26.45,27.95,29.8,28.8,25.05,19.4,13.05,12.1,6.95
99,복정역,20.8,18.5,22.15,31.6,43.6,60.7,61.85,47.35,37.75,27.1,23.6,21.65,22.05,22.45,23.35,25.55,22.2,22.15,22.45,24.8,27.35,32.05,39.35,46.9,48.3,58.05,52.0,43.95,29.2,24.2,25.9,26.45,25.35,25.85,22.25,17.4,14.7,5.75,5.75
100,봉천역,43.1,34.2,33.45,49.7,61.7,81.65,72.05,71.85,40.1,38.15,34.65,28.0,33.4,35.9,35.0,37.9,37.7,33.75,37.25,40.15,44.9,51.6,51.05,56.3,73.45,70.3,76.15,59.75,43.35,34.3,39.6,44.75,48.4,53.2,37.65,30.4,18.85,14.4,15.15
101,봉화산역,3.35,3.9,4.4,7.45,10.05,11.2,8.65,7.45,6.35,4.3,3.75,3.9,4.15,4.1,3.25,3.7,3.8,2.95,3.2,3.65,3.6,2.95,3.6,5.25,4.6,6.85,5.5,3.75,2.1,2.6,1.85,1.9,1.45,1.55,2.05,1.15,0.95,0.5,0.2
102,불광역,26.1,24.3,28.7,37.15,56.7,68.4,48.55,40.25,34.15,30.35,33.15,26.3,26.8,28.1,31.85,36.25,29.8,27.4,26.5,33.5,44.05,40.0,36.4,45.1,61.35,56.6,60.25,39.6,33.2,26.2,25.75,23.3,26.3,22.45,23.45,18.6,12.55,6.6,5.55
103,사가정역,51.75,40.2,46.15,63.75,83.85,90.2,70.75,69.5,54.15,42.55,33.65,33.2,32.0,34.0,33.55,35.3,31.95,30.9,31.15,35.5,39.25,43.05,52.4,58.3,70.65,72.05,83.25,49.85,44.25,41.6,40.75,41.35,45.65,41.95,39.7,26.95,20.75,16.4,13.05
104,사당역,50.6,35.0,37.5,59.2,71.45,89.9,101.8,83.9,58.45,46.85,48.7,34.0,40.45,44.45,41.65,44.75,46.2,41.8,45.6,52.05,51.6,61.55,59.1,73.5,83.85,81.15,95.85,74.1,48.95,45.65,46.8,51.7,64.6,60.05,45.45,37.05,21.55,17.8,16.35
105,산성역,17.3,14.65,17.45,22.9,31.55,44.45,39.85,31.3,22.7,18.4,15.6,13.65,13.1,15.35,16.85,17.55,15.0,13.8,13.9,17.0,18.6,21.5,25.8,29.9,27.4,35.1,29.9,24.35,18.15,14.35,14.2,15.8,14.8,15.55,13.9,10.8,8.95,4.55,4.25
106,삼각지역,20.4,15.75,14.5,21.6,33.05,44.1,41.2,30.5,32.15,25.25,22.55,23.55,24.2,24.25,24.4,25.45,24.45,24.7,22.85,27.2,26.7,31.0,35.55,40.55,45.0,60.85,54.4,39.1,27.7,24.0,24.35,25.7,27.45,25.65,22.35,16.6,10.95,8.8,7.1
107,삼성역,13.7,15.6,17.8,25.25,34.5,49.55,50.75,39.85,34.75,24.1,24.75,24.5,25.45,29.1,29.3,29.75,33.2,32.25,31.55,41.2,40.5,46.5,50.75,63.6,64.5,88.25,71.0,53.75,36.3,39.55,34.25,45.5,46.2,47.8,26.6,22.1,12.75,11.3,8.55
108,상계역,4.85,9.35,10.45,13.65,19.55,21.3,13.75,13.95,7.75,8.7,7.85,8.15,6.25,7.95,8.9,8.1,7.05,7.05,7.6,7.5,8.05,9.7,8.3,9.45,11.25,11.95,10.15,7.5,5.65,5.0,4.8,5.5,3.7,5.5,4.3,4.3,4.55,2.25,1.15
109,상도역,37.5,33.5,31.75,47.55,63.9,79.7,49.9,46.05,37.2,32.0,25.1,23.85,22.3,24.7,24.9,27.35,23.7,24.5,24.25,28.85,28.5,34.3,41.05,46.9,52.55,61.5,53.9,48.35,38.05,29.75,31.35,31.6,33.4,31.9,31.2,23.55,15.25,7.9,8.65
110,상봉역,41.15,33.65,41.05,57.8,74.5,78.85,62.9,61.75,45.0,35.75,28.65,31.3,28.8,32.3,30.15,31.65,29.3,28.9,27.35,32.55,34.5,38.95,46.7,51.15,59.4,61.65,70.6,41.9,36.5,36.2,34.65,34.3,38.65,36.4,32.05,22.05,17.0,14.0,9.15
111,상수역,12.35,11.2,13.05,22.65,27.65,38.15,30.55,21.05,22.95,18.25,17.75,17.6,17.0,18.45,19.75,20.0,20.9,19.35,19.25,21.9,23.65,25.8,29.7,31.0,33.5,47.85,43.55,30.75,23.35,20.0,19.1,21.95,22.1,23.15,17.15,15.15,9.1,6.7,6.5
112,상왕십리역,17.35,24.05,23.4,44.8,56.6,82.5,69.2,47.55,42.5,32.2,32.8,36.8,36.1,37.5,42.35,42.0,38.2,41.45,40.55,43.1,47.55,43.55,55.75,63.1,64.25,81.85,81.3,49.9,36.3,37.4,35.65,35.5,43.6,38.95,39.2,23.3,20.75,11.7,7.6
113,상월곡역,11.8,13.85,16.85,24.65,37.85,47.95,40.35,34.6,25.3,22.8,17.6,19.05,18.15,20.55,20.05,19.2,18.95,18.3,19.05,20.35,20.75,24.85,26.3,29.95,37.35,44.0,43.0,31.95,21.8,15.85,15.85,18.5,17.95,18.55,16.05,11.9,7.9,5.1,4.15
114,상일동역,13.85,20.35,31.05,27.0,47.3,61.95,45.2,41.5,29.7,25.1,25.25,25.4,23.7,26.15,24.6,25.65,24.65,23.65,23.65,26.3,28.0,32.7,37.6,39.1,38.95,43.6,52.55,37.75,29.35,26.95,25.75,23.95,22.05,24.4,19.55,16.9,10.15,6.85,3.9
115,새절역,17.0,16.35,20.75,33.45,37.05,49.4,32.4,24.3,24.2,21.7,19.55,18.55,17.8,19.95,19.1,19.5,18.9,18.75,17.95,18.85,22.35,26.7,30.75,29.65,30.4,38.9,44.8,28.45,22.55,18.85,17.5,19.4,19.15,19.85,15.25,12.0,7.6,4.8,3.65
116,서대문역,16.85,17.25,20.1,36.3,51.6,61.85,48.8,32.5,29.45,23.3,26.15,30.2,30.7,27.25,28.8,30.15,28.9,29.5,28.3,31.75,33.85,40.15,46.35,60.25,65.45,76.25,61.8,45.5,38.05,32.3,31.2,32.5,30.25,27.9,23.9,18.05,13.7,13.3,5.8
117,서울대입구역,43.15,34.95,35.5,52.65,66.45,87.2,76.3,76.85,42.8,40.3,38.4,29.25,35.3,38.3,37.05,40.1,40.05,35.5,39.15,43.25,47.5,55.15,54.0,59.75,77.45,73.65,79.45,63.45,45.4,36.8,41.65,47.5,51.45,56.85,39.05,32.75,19.7,15.3,16.9
118,서울역,15.2,15.7,15.65,26.15,47.3,53.9,53.65,40.75,38.8,27.85,26.5,25.35,29.4,28.65,33.2,28.65,29.1,31.2,28.4,33.85,31.85,35.55,40.35,46.3,52.9,75.3,60.65,37.4,29.2,25.45,26.6,26.35,22.15,26.45,22.55,17.9,12.65,9.1,7.15
119,서초역,49.15,31.0,35.95,52.9,66.0,84.35,91.8,80.85,59.5,44.85,49.4,35.6,42.1,45.3,44.6,45.95,50.85,45.3,48.1,57.45,56.8,65.1,65.5,89.1,92.7,97.25,102.45,74.5,51.5,49.55,47.2,62.7,65.75,63.95,44.25,33.5,19.95,19.1,11.4
120,석계역,12.2,12.55,16.05,22.1,33.65,44.3,36.4,29.8,23.0,19.75,15.25,17.5,16.6,19.0,17.45,17.5,17.45,15.9,17.05,18.9,18.7,19.65,23.7,26.65,33.3,36.5,38.45,28.8,19.5,13.95,13.65,15.85,15.45,15.15,13.35,10.4,7.3,4.6,3.8
121,석촌역,25.75,30.15,40.35,54.9,79.05,103.45,98.65,79.4,64.35,48.2,42.65,38.65,40.05,43.3,42.45,43.35,43.35,41.35,43.7,48.65,50.8,61.1,67.5,90.95,96.65,107.4,101.6,71.85,53.3,45.45,45.8,52.8,46.8,50.0,39.5,29.85,23.45,12.8,6.15
122,선릉역,22.65,19.45,21.5,31.15,44.3,62.2,69.15,52.85,46.9,32.3,32.1,30.55,33.8,35.4,36.1,37.1,41.6,37.95,38.95,49.4,46.9,54.4,57.3,72.7,72.9,93.2,80.35,59.85,40.65,40.15,37.7,48.85,50.3,53.1,31.0,24.95,14.3,14.25,8.3
123,성수역,7.4,13.4,12.7,23.65,30.25,48.9,37.1,29.55,31.8,22.0,22.7,26.45,24.0,24.8,29.5,28.6,27.0,28.6,29.85,30.25,35.4,31.85,38.4,39.5,42.75,62.85,65.15,38.7,30.25,32.85,28.65,34.7,35.1,33.2,26.95,17.75,14.95,11.9,12.35
124,성신여대입구역,44.4,28.75,33.65,52.2,67.05,100.95,71.45,60.35,46.35,35.55,35.6,35.1,34.45,34.9,40.15,35.9,36.65,30.85,38.95,40.5,42.7,39.3,58.25,63.3,62.3,73.15,72.1,53.85,37.35,31.25,30.45,30.25,29.9,35.85,37.15,27.75,19.7,12.85,10.95
125,송정역,15.95,10.15,9.7,13.75,18.85,18.85,16.75,10.8,10.3,9.45,9.55,9.85,10.25,10.65,10.35,10.8,11.25,10.7,10.5,11.5,12.1,13.6,14.4,14.85,15.35,22.95,19.85,13.9,10.3,9.85,8.85,9.15,8.15,8.95,7.1,5.05,3.2,2.75,1.6
126,송파역,28.65,31.5,43.35,59.6,84.4,110.35,105.8,84.45,71.8,52.2,45.65,40.9,41.75,44.75,44.3,46.25,43.8,42.4,46.15,49.35,50.85,61.05,69.15,94.0,96.8,111.0,95.3,71.95,51.4,43.85,45.4,49.1,44.6,47.2,37.35,28.0,21.7,10.9,7.0
127,수락산역,12.45,10.9,15.25,18.85,23.85,23.3,20.0,19.5,13.2,10.9,9.65,10.2,10.25,10.05,10.6,10.6,9.75,9.8,10.15,11.0,11.0,12.6,14.0,14.35,14.85,18.8,18.2,13.25,8.45,9.15,8.8,8.9,8.85,9.05,7.35,5.55,3.6,2.5,1.35
128,수서역,6.95,6.8,8.45,13.1,18.75,28.25,24.6,18.55,12.3,9.8,11.35,10.75,13.45,11.9,12.0,12.2,12.2,12.25,14.4,13.65,13.9,15.6,23.05,24.45,19.35,24.75,28.0,13.95,11.85,8.5,9.95,7.75,9.4,9.9,9.75,5.35,5.1,3.15,1.45
129,수유역,34.65,23.65,29.3,39.65,55.55,75.35,50.7,44.6,30.8,30.0,25.25,27.7,25.3,26.9,28.55,28.0,25.45,25.2,25.95,29.6,29.95,30.7,34.35,40.9,44.95,49.25,48.9,37.6,27.05,21.75,20.7,21.8,21.25,20.3,24.75,19.5,13.55,8.65,6.45
130,수진역,12.55,6.9,7.35,10.2,12.65,16.7,15.3,10.8,8.7,8.35,7.5,7.5,6.85,8.55,8.0,8.2,7.95,7.8,7.7,9.3,10.35,11.45,13.0,12.7,10.1,13.65,9.5,7.35,5.6,4.75,5.2,5.0,4.35,4.75,4.15,3.3,2.25,0.9,0.25
131,숙대입구역,18.4,14.9,13.35,19.45,28.0,39.1,36.6,24.9,29.8,22.75,21.25,19.9,23.9,24.0,24.15,24.95,24.4,23.65,24.3,26.25,26.65,31.5,34.9,39.4,36.05,46.2,39.7,26.8,19.35,16.55,16.55,19.35,18.4,22.3,19.05,16.35,9.6,7.6,6.25
132,숭실대입구역,39.15,34.7,33.7,50.5,66.9,83.4,54.45,48.05,41.55,32.75,26.75,25.4,23.8,26.55,25.9,28.75,25.15,26.3,27.15,30.6,30.7,39.45,43.9,49.85,57.7,63.25,57.25,50.7,40.2,31.45,33.75,34.7,35.0,34.45,34.05,25.5,16.55,8.7,9.4
133,시청역,14.55,21.5,19.5,31.1,50.5,68.35,59.75,39.7,34.4,28.8,28.5,34.4,33.1,32.8,36.2,37.0,34.95,36.3,35.55,38.5,39.5,43.65,46.2,56.8,61.95,87.35,79.0,47.3,36.3,34.7,39.1,40.85,41.1,46.7,38.15,26.85,20.15,15.2,7.3
134,신금호역,20.3,21.8,24.95,40.1,53.1,65.65,46.25,35.3,32.3,26.55,25.8,27.75,26.05,27.05,28.2,28.9,27.15,27.15,27.8,29.75,31.8,36.4,43.8,49.75,53.45,51.95,55.85,44.5,36.75,30.85,29.95,28.05,27.65,27.85,23.4,17.9,13.85,7.3,8.75
135,신길역,23.5,20.45,23.85,43.2,65.25,79.1,54.2,40.25,31.25,25.5,26.0,26.4,24.05,25.55,27.4,27.6,26.5,25.95,27.05,28.4,30.7,35.55,40.35,51.35,54.75,59.35,58.65,41.4,37.5,31.6,29.15,29.9,28.5,28.25,21.9,19.2,13.8,11.0,12.75
136,신내역,1.4,1.4,3.95,5.8,10.0,11.4,8.9,9.3,7.35,5.0,4.1,4.25,4.45,4.35,4.15,3.75,3.3,4.3,3.95,3.75,4.9,4.75,5.5,6.85,7.2,7.15,7.7,7.75,4.25,3.2,2.65,1.8,2.15,2.1,1.7,0.7,0.5,0.3,0.1
137,신답역,8.9,8.65,10.25,14.05,23.8,41.3,43.35,26.85,24.0,13.95,12.6,10.85,10.15,10.2,12.4,12.9,12.75,11.35,11.9,12.8,13.55,15.5,18.35,24.2,26.05,34.7,30.0,16.9,12.65,11.65,10.1,11.4,9.65,9.5,6.8,5.75,3.35,2.0,1.6
138,신당역,17.8,25.5,22.7,44.05,60.25,82.15,69.2,48.25,42.0,31.4,33.65,36.7,35.65,37.85,42.0,41.7,39.05,41.25,40.85,42.65,47.3,43.25,56.1,62.95,64.05,81.5,78.75,48.0,37.5,37.55,35.25,35.7,43.35,39.25,41.85,23.45,21.2,11.0,9.3
139,신대방삼거리역,35.25,32.05,31.4,46.85,60.5,76.75,50.95,43.2,35.2,29.3,24.6,22.7,21.5,22.85,24.7,24.6,23.1,22.05,23.1,25.35,26.6,31.8,38.35,43.7,46.9,54.15,49.3,43.8,34.5,26.4,28.3,28.25,29.2,27.8,26.6,23.1,15.25,7.7,6.7
140,신대방역,43.85,32.95,29.75,42.45,56.35,75.3,63.5,58.45,34.75,32.4,29.65,25.95,28.2,32.4,31.45,35.7,32.1,30.9,33.3,35.25,38.4,43.05,47.8,48.1,62.55,64.45,71.55,52.0,37.45,31.6,34.0,39.6,41.5,44.2,35.3,27.0,19.7,11.45,14.6
141,신도림역,23.65,27.95,30.15,46.95,64.2,104.85,82.45,61.2,41.85,28.5,31.55,27.45,33.35,34.55,38.2,40.6,37.4,34.8,36.1,35.1,38.05,44.0,42.9,46.95,53.0,66.95,73.8,49.4,30.25,27.7,32.9,34.5,31.85,40.6,36.8,19.8,17.05,8.65,9.55
142,신림역,45.6,33.6,33.9,47.2,63.35,82.75,70.65,69.5,38.9,36.05,33.7,28.4,30.5,35.15,33.9,37.5,34.85,32.25,34.85,36.65,41.0,46.75,48.25,49.75,65.95,62.2,68.25,50.65,38.75,29.65,33.9,40.15,40.95,45.75,34.55,26.35,17.15,11.9,12.15
143,신사역,11.1,20.15,21.05,31.9,41.75,62.95,57.55,49.1,45.1,33.15,35.8,44.15,36.95,42.6,42.75,43.1,47.8,44.75,46.85,54.3,49.95,58.7,65.6,76.0,67.15,87.9,82.65,59.15,42.0,38.2,32.7,35.8,34.6,44.4,31.15,22.25,15.5,10.75,4.75
144,신설동역,13.65,16.3,17.95,22.55,38.75,48.15,39.8,32.25,34.25,25.05,23.4,23.15,19.95,23.2,26.9,26.5,26.55,25.95,26.7,29.0,29.5,27.5,35.75,35.0,42.4,52.5,45.85,29.9,20.4,20.05,16.4,22.05,18.65,20.15,17.6,13.7,10.0,6.5,0.35
145,신용산역,21.5,15.7,14.6,21.75,31.4,42.75,35.15,28.3,32.2,23.0,21.25,21.3,24.45,24.3,25.25,26.15,24.7,25.95,23.0,27.8,26.9,32.1,37.15,43.0,39.95,50.5,47.7,28.6,21.85,18.2,18.55,21.85,19.0,25.85,22.15,17.15,10.65,8.2,7.05
146,신정네거리역,16.25,17.65,25.9,32.15,54.85,67.25,39.85,30.9,19.6,14.6,13.7,13.15,12.5,12.95,12.45,14.0,12.3,11.55,11.7,12.45,14.55,15.75,18.15,22.35,28.1,39.4,38.45,27.7,18.45,14.25,13.25,12.6,11.7,10.6,10.8,8.25,5.35,2.55,1.4
147,신정역,24.05,21.75,26.1,41.85,58.65,65.9,46.9,34.75,27.6,25.45,23.35,23.3,23.05,24.25,24.75,25.15,24.6,23.55,23.9,25.75,27.45,31.75,36.0,40.75,44.05,52.75,52.55,38.55,32.2,30.25,26.35,25.9,24.3,26.15,21.65,17.0,12.5,10.25,10.5
148,신천역,17.45,18.75,19.55,29.2,41.55,62.0,61.65,43.65,41.5,26.75,26.35,26.35,26.35,28.65,30.4,29.95,29.75,31.05,29.45,35.55,37.35,39.15,43.1,50.55,48.65,65.95,61.9,43.6,29.85,31.45,30.05,36.4,41.85,39.65,26.35,19.45,14.05,10.9,8.0
149,신촌역,17.45,19.3,21.9,31.95,52.85,74.5,59.7,38.95,30.25,24.85,29.75,30.15,31.1,33.05,33.95,36.1,33.25,34.95,34.5,37.25,37.0,45.55,45.35,51.85,54.3,73.5,73.15,44.75,34.35,31.2,43.4,40.2,37.8,52.55,36.0,31.15,19.55,14.25,8.85
150,신풍역,30.65,29.45,31.3,42.6,60.15,70.85,49.95,39.4,33.0,26.3,23.55,21.0,20.05,21.35,22.8,22.7,22.35,20.75,21.65,23.4,25.15,29.2,35.85,40.9,47.55,52.25,49.1,41.2,33.55,25.55,26.9,27.0,27.4,26.05,24.6,22.05,12.85,8.05,6.4
151,신흥역,11.15,6.85,8.4,11.4,13.9,19.8,16.65,12.8,9.7,8.85,8.2,8.45,7.45,9.05,8.55,8.6,8.4,8.3,8.3,9.8,10.9,12.1,13.75,14.0,11.3,15.25,11.25,8.7,6.35,5.75,6.0,5.85,5.9,5.55,5.2,3.85,2.95,1.45,1.2
152,쌍문역,15.1,23.85,25.6,33.75,51.6,66.6,43.45,41.85,24.75,27.1,23.8,25.05,22.95,24.85,26.1,25.15,23.6,22.85,22.85,25.9,25.8,26.45,30.85,32.25,39.35,40.5,42.55,31.2,21.65,18.8,17.3,18.45,17.6,17.15,20.35,16.2,11.5,7.05,5.2
153,아차산역,28.8,34.95,37.9,60.3,76.75,94.7,63.5,50.2,40.75,36.5,34.4,35.25,34.9,36.25,37.7,38.8,36.0,34.6,36.2,38.6,41.85,49.5,58.0,65.85,71.25,64.95,76.05,58.75,48.7,43.0,40.35,38.0,37.15,38.75,33.55,26.1,17.95,12.15,14.6
154,아현역,15.8,20.05,21.8,31.55,54.55,75.55,65.85,41.9,33.45,27.2,30.55,31.95,33.3,32.75,35.75,37.15,34.45,34.25,35.2,37.25,38.0,43.9,44.0,52.35,54.75,76.5,74.95,44.9,34.85,32.25,40.55,38.4,37.65,45.75,37.85,27.2,20.3,13.75,9.45
155,안국역,23.1,24.45,29.8,39.95,57.35,82.4,61.35,51.6,49.55,43.15,41.15,38.85,37.45,39.85,47.65,48.75,46.25,40.8,42.25,50.4,61.75,67.35,60.05,79.45,84.7,90.95,77.75,57.85,43.25,37.1,35.0,34.5,36.5,35.25,33.75,23.95,17.75,9.9,4.8
156,안암역,10.7,14.85,18.55,26.25,41.3,56.35,46.75,42.85,32.35,29.55,22.05,26.4,24.95,26.2,26.75,26.9,26.3,24.9,26.0,32.7,31.55,34.75,40.75,45.55,55.3,61.7,61.65,43.05,29.75,23.95,24.7,27.4,27.95,28.3,23.55,18.25,12.35,11.7,6.4
157,암사역,8.15,7.4,11.75,16.9,20.2,24.65,18.5,16.4,10.95,8.35,6.45,6.25,5.7,6.0,5.85,6.2,5.15,4.9,4.65,4.55,4.7,4.8,5.75,6.35,5.7,5.45,3.8,3.2,2.15,2.35,2.2,2.35,1.75,2.05,1.2,0.9,0.85,0.35,0.35
158,압구정역,11.85,21.85,24.3,37.6,47.75,70.0,59.35,53.25,49.85,36.4,37.75,46.25,38.25,41.7,48.55,45.3,50.7,48.25,50.1,58.65,56.8,64.15,71.9,80.95,75.55,99.35,89.95,64.3,47.1,41.7,35.05,38.55,36.05,44.0,36.35,22.7,16.7,11.0,4.9
159,애오개역,14.6,18.2,21.45,41.45,62.0,76.25,58.4,36.6,31.95,24.55,27.4,31.75,32.85,27.35,29.65,31.15,31.1,29.5,28.45,31.6,34.0,38.25,45.4,61.0,64.7,72.5,63.35,44.45,38.85,31.9,29.55,31.6,28.9,27.45,22.2,17.0,12.65,12.3,5.25
160,약수역,18.3,21.8,24.15,38.05,47.8,72.8,59.55,56.3,47.2,37.45,37.05,41.35,35.65,38.65,48.75,42.15,47.75,41.9,42.45,48.85,52.2,56.05,60.4,64.75,62.5,81.5,71.65,51.1,37.65,32.05,28.0,30.1,29.4,32.75,28.85,20.15,14.0,9.15,5.8
161,양재역,7.7,15.9,16.7,24.25,31.25,42.55,40.3,29.35,26.0,20.5,22.7,24.55,24.35,29.0,25.5,26.45,27.1,28.75,28.65,33.5,27.95,38.2,47.6,55.25,45.1,62.1,59.05,35.75,25.4,21.85,20.95,22.8,22.4,26.2,17.6,12.65,8.9,5.4,2.0
162,양천구청역,18.7,21.4,31.9,41.1,65.9,79.95,52.95,40.1,27.15,19.5,17.75,15.7,15.8,15.1,16.05,16.95,15.2,15.25,14.6,16.45,19.3,19.6,24.85,27.85,37.75,52.1,56.55,41.0,28.65,21.15,19.0,17.8,17.95,15.05,17.0,13.3,9.55,3.9,2.4
163,양평역,26.55,25.3,30.15,51.8,73.3,82.3,53.85,44.75,35.45,31.85,30.95,30.3,29.5,31.15,32.45,32.95,32.05,31.55,31.9,35.0,37.75,42.35,50.0,57.95,65.25,73.7,71.3,54.65,45.7,41.95,35.85,37.45,35.5,36.35,29.65,24.1,18.4,14.6,14.7
164,어린이대공원역,59.35,44.15,44.95,62.6,81.0,97.5,74.85,76.5,67.4,45.55,38.85,34.75,32.65,35.5,36.2,38.15,35.4,34.7,38.1,41.8,44.9,51.75,60.75,71.65,85.15,87.3,92.95,57.65,54.2,49.45,46.2,53.3,52.35,53.4,46.25,29.95,25.55,21.8,11.5
165,여의나루역,20.35,18.7,21.9,41.9,64.5,80.9,57.55,37.4,33.05,24.0,25.85,28.45,31.9,26.2,29.0,31.15,29.65,28.75,29.15,30.9,34.1,41.1,47.85,70.65,69.6,81.2,72.7,48.95,43.55,37.1,33.9,36.25,32.05,31.8,24.55,19.25,13.0,13.3,3.7
166,여의도역,18.8,17.5,20.0,34.2,50.65,67.9,45.25,32.75,28.5,22.85,24.85,26.65,24.35,24.45,27.55,29.75,28.3,28.2,30.15,32.6,35.15,42.85,48.7,74.3,74.1,85.2,73.2,53.1,47.55,40.85,36.85,40.2,34.7,35.35,25.85,22.3,14.75,13.2,1.0
167,역삼역,34.75,22.1,26.7,34.9,47.95,64.25,69.7,58.45,47.75,35.05,39.15,33.2,37.5,40.4,40.4,41.95,46.25,43.5,43.65,55.65,53.05,62.45,63.55,88.8,87.1,108.7,94.7,69.55,48.05,46.45,44.35,56.8,62.3,57.35,34.9,31.1,17.55,16.5,9.0
168,역촌역,4.85,5.1,6.4,9.3,10.7,11.2,9.5,7.95,8.75,8.2,7.4,7.1,7.2,8.35,7.95,7.85,8.1,7.6,7.5,8.3,9.55,10.1,11.75,10.7,12.8,17.9,21.3,13.3,10.6,8.4,7.8,8.3,9.5,8.7,7.1,5.85,3.95,1.7,2.7
169,연신내역,24.3,22.7,24.2,36.0,48.15,57.7,41.15,34.65,28.3,27.2,29.45,22.5,21.65,26.35,26.9,32.0,25.25,23.55,21.65,28.8,36.45,34.4,30.0,35.0,51.5,43.45,47.3,30.3,25.65,20.65,20.55,18.6,20.95,17.3,18.5,15.45,8.75,4.75,3.35
170,영등포구청역,24.35,31.55,32.6,44.35,76.6,101.15,69.65,51.7,37.65,32.65,33.3,32.05,33.95,35.7,36.05,38.4,35.4,35.85,37.4,35.65,37.55,47.4,50.95,57.0,62.15,79.2,86.4,55.55,44.85,38.15,45.85,42.95,36.85,50.9,36.85,37.0,18.65,15.0,14.7
171,영등포시장역,20.05,18.75,21.8,38.1,57.6,69.65,42.65,33.95,26.85,23.7,24.05,23.85,22.05,24.0,25.25,25.75,24.7,24.3,25.3,27.75,30.0,34.2,39.3,49.05,53.45,59.2,55.55,39.95,36.1,31.45,28.45,29.35,27.35,27.65,22.25,19.15,13.55,10.65,12.0
172,오금역,10.3,14.0,17.1,25.95,35.4,43.0,38.8,27.65,22.05,19.25,19.75,18.2,19.1,22.65,22.1,23.15,24.0,22.25,23.9,25.3,30.7,36.2,44.4,34.9,30.65,50.55,55.3,39.85,37.25,26.6,29.3,25.85,24.05,28.2,22.7,18.7,10.15,3.85,6.3
173,오목교역,24.85,24.65,29.1,47.25,69.2,76.5,52.55,42.0,31.95,29.75,28.15,28.1,27.05,28.75,29.8,30.5,29.85,28.3,29.35,32.4,34.35,39.7,44.95,53.6,57.35,67.8,66.45,49.75,42.1,40.7,33.95,35.85,32.6,35.05,27.6,22.15,16.6,13.05,13.55
174,옥수역,22.05,23.75,25.45,39.35,51.55,76.0,68.75,62.0,54.95,40.2,41.6,46.15,37.9,42.65,48.85,46.4,51.5,45.4,47.95,52.65,54.25,59.85,67.2,72.05,68.9,91.15,80.2,59.55,42.45,35.7,31.6,33.15,31.95,37.35,32.45,20.6,15.6,10.35,6.6
175,온수역,21.85,23.25,29.9,39.2,51.75,72.5,47.35,37.75,29.8,18.3,20.5,18.6,15.9,18.75,18.65,18.35,18.05,17.55,17.5,17.0,22.7,22.0,33.15,37.5,41.95,54.75,59.5,32.05,34.5,24.2,19.6,25.45,19.75,24.0,20.8,25.2,11.15,9.35,3.8
176,올림픽공원역,12.7,18.6,23.0,34.0,48.9,67.45,58.65,36.1,28.3,25.9,27.25,25.95,26.6,30.65,29.1,29.9,31.2,27.35,30.25,32.3,39.15,43.2,53.7,39.95,40.3,56.7,65.75,47.8,40.35,31.35,33.45,30.35,28.6,34.05,27.6,23.0,11.75,7.35,7.5
177,왕십리역,15.7,22.6,25.6,39.15,55.15,73.65,66.0,42.0,40.8,30.9,30.15,33.9,32.05,32.05,39.1,37.5,33.55,35.9,36.25,36.25,41.85,40.7,51.55,58.95,64.3,68.65,66.3,52.8,48.05,37.15,35.25,37.25,37.65,36.25,32.6,24.3,19.7,10.3,10.0
178,용답역,10.75,9.65,11.35,14.75,26.35,45.05,51.4,29.35,21.95,14.6,12.25,11.4,10.55,10.75,12.8,13.3,12.45,11.95,12.2,14.05,14.95,16.9,20.4,26.4,28.05,45.05,30.55,17.5,14.45,13.6,11.3,13.1,11.05,10.7,7.8,5.6,3.75,2.4,1.95
179,용두역,7.45,8.05,8.95,12.35,20.85,36.9,37.1,23.45,19.2,11.95,10.35,9.6,9.35,9.0,11.2,11.8,11.5,10.45,10.3,11.6,12.7,15.3,17.7,22.2,25.15,33.1,27.25,15.55,11.65,10.85,9.55,10.4,9.0,8.75,6.8,5.35,3.2,1.8,1.2
180,용마산역,53.15,41.4,47.3,64.8,83.8,92.65,70.15,71.8,55.1,43.6,34.3,33.85,32.7,34.55,34.05,36.2,32.7,31.6,32.05,36.9,40.85,44.8,54.95,61.45,71.55,80.9,90.25,53.25,48.9,42.3,43.55,43.65,46.95,46.65,39.2,25.45,22.95,17.65,14.15
181,우장산역,25.35,17.0,16.95,26.85,37.7,41.95,35.55,20.55,19.5,16.8,17.5,17.3,17.7,18.65,18.25,19.15,19.75,18.15,18.4,20.6,21.0,25.5,26.65,28.5,28.65,40.4,37.25,26.7,19.95,18.0,16.5,16.55,15.0,17.05,12.55,9.55,5.85,5.55,3.3
182,월곡역,12.9,14.3,18.35,26.05,41.0,52.8,43.3,38.45,27.8,25.65,18.9,20.5,20.5,21.35,21.85,21.65,21.45,19.6,21.05,23.5,22.65,27.9,28.75,33.2,40.55,47.85,46.7,34.75,23.5,17.6,17.7,20.7,19.5,20.0,17.3,13.15,8.65,5.95,3.75
183,월드컵경기장역,16.8,18.3,20.75,35.95,42.25,58.2,41.45,29.4,29.55,22.9,22.3,19.95,19.65,21.75,21.15,22.35,21.45,21.0,21.0,22.0,26.9,29.75,36.05,37.35,40.1,58.4,58.55,39.7,31.2,26.0,23.85,25.45,25.85,26.0,21.2,17.05,11.05,6.85,7.1
184,을지로3가역,14.85,22.8,20.25,30.6,50.4,68.3,59.8,43.25,40.05,33.8,34.05,35.7,33.75,35.5,41.45,41.8,40.65,35.75,39.1,45.1,49.55,54.1,52.15,63.25,68.2,84.9,70.3,47.9,36.1,33.75,32.55,37.65,40.75,40.15,37.0,23.9,23.1,13.25,6.25
185,을지로4가역,13.85,23.0,21.4,36.95,53.2,68.3,60.95,40.75,34.25,27.6,26.95,31.25,32.3,31.95,35.25,36.5,34.1,35.25,36.4,37.3,41.0,39.75,47.35,57.6,62.0,81.35,71.55,45.15,35.15,33.8,31.65,37.4,39.75,38.65,36.9,23.55,21.55,11.1,9.15
186,을지로입구역,11.25,21.3,17.3,27.25,44.8,61.45,53.25,36.85,29.9,27.55,25.95,31.8,31.45,31.95,34.85,37.35,34.6,35.6,37.85,37.7,41.65,42.55,45.1,58.75,66.1,92.9,77.6,48.8,36.1,39.9,36.75,42.0,42.25,46.75,38.3,26.85,22.5,14.1,7.85
187,응암역,19.0,14.3,18.1,29.4,37.65,43.3,29.25,23.15,21.35,19.85,17.75,17.25,16.45,18.7,17.95,17.95,17.2,16.65,16.0,16.75,19.4,22.8,26.1,24.0,23.75,30.8,33.9,21.35,16.55,14.45,13.35,14.8,14.6,14.95,11.4,7.4,7.55,3.4,3.85
188,이대역,16.85,19.25,21.25,32.75,52.55,74.15,62.05,39.95,31.75,25.5,29.0,30.75,31.85,31.5,35.3,36.25,34.0,34.15,35.65,36.7,37.5,43.25,44.55,53.1,53.7,74.8,74.1,45.3,34.55,32.25,40.7,38.6,36.9,46.75,35.3,28.7,20.2,12.6,8.6
189,이촌역,24.0,17.55,15.9,26.7,35.35,48.95,40.55,34.2,33.6,24.7,21.4,23.4,24.35,25.35,27.0,26.75,25.15,26.35,23.7,28.35,27.8,33.8,38.3,41.85,39.6,45.25,49.95,29.4,21.55,17.8,19.35,19.05,19.25,25.85,21.1,16.75,11.5,7.6,8.85
190,이태원역,10.05,11.85,13.65,20.75,32.15,40.25,33.55,27.95,27.7,22.0,19.35,21.15,19.1,19.35,20.95,21.65,21.7,19.95,19.75,23.1,24.5,27.9,31.2,35.3,40.25,51.15,47.25,35.35,24.3,20.55,22.1,22.85,23.9,23.55,20.8,13.7,9.9,8.6,3.95
191,일원역,6.85,9.25,9.65,13.9,21.3,28.15,28.2,18.95,13.4,11.2,12.75,12.2,14.6,14.75,13.45,13.2,13.05,14.25,16.85,15.55,16.1,18.25,27.25,28.7,21.65,24.9,29.2,15.5,12.4,9.35,10.15,8.65,9.85,12.1,9.45,5.7,5.15,3.2,1.75
192,잠실나루역,16.95,15.3,17.25,25.2,35.55,53.4,49.25,34.05,34.75,21.7,21.35,28.0,23.2,26.2,28.05,27.25,26.85,29.15,27.7,32.8,33.95,34.35,40.1,44.9,42.3,54.75,57.9,34.95,26.2,28.4,25.55,31.25,34.85,33.85,22.7,16.2,11.8,9.75,9.1
193,잠실역,18.8,28.05,34.3,40.6,54.05,73.55,65.75,53.55,45.4,33.75,29.5,28.15,29.55,33.95,32.95,34.7,35.85,35.8,37.45,43.55,47.3,52.4,61.2,79.15,87.85,95.65,103.05,72.25,55.35,48.65,47.1,53.75,51.3,54.0,42.35,33.1,29.0,14.5,7.55
194,잠원역,11.05,20.5,21.4,32.5,42.3,61.8,62.85,52.65,49.5,33.45,35.45,42.25,35.8,41.4,41.0,42.4,45.35,44.4,43.55,50.15,46.75,52.9,63.8,69.1,61.6,75.45,75.45,50.0,35.9,32.9,27.25,31.75,29.2,38.5,26.75,18.95,13.3,9.15,4.6
195,장승배기역,37.2,32.6,30.85,47.05,60.5,76.75,50.35,44.9,36.4,31.7,24.85,23.55,21.95,23.75,24.4,26.6,22.9,23.75,23.6,27.15,27.35,33.25,39.2,45.65,49.15,57.6,53.1,47.0,37.3,28.5,30.45,29.95,32.45,30.5,28.55,23.2,15.85,7.7,7.85
196,장암역,1.35,1.85,3.6,4.65,7.9,4.75,2.85,1.65,1.35,0.8,0.6,0.5,0.45,0.5,0.45,0.6,0.65,0.45,0.6,0.55,0.6,0.8,0.75,1.0,1.0,0.85,0.65,0.55,0.25,0.25,0.25,0.35,0.35,0.25,0.15,0.1,0.0,0.0,0.0
197,장지역,29.2,25.75,33.55,46.0,62.2,79.1,77.4,63.8,48.05,37.3,31.3,28.65,28.2,30.6,30.05,33.15,29.5,29.6,30.45,33.15,35.7,42.45,51.95,63.8,66.55,80.65,63.4,51.7,36.1,32.25,34.6,36.45,33.8,33.8,27.55,20.15,15.9,7.4,4.7
198,장한평역,24.25,27.5,30.6,47.8,64.75,77.55,51.95,42.3,35.7,30.05,30.15,30.05,29.05,31.35,33.3,31.95,31.8,30.75,30.85,33.2,36.75,41.2,49.5,59.5,61.25,60.0,63.0,51.3,41.5,37.9,32.25,32.05,33.4,32.2,28.75,22.9,16.75,8.5,6.95
199,제기동역,13.85,14.6,15.7,22.05,36.4,44.45,38.45,29.95,29.0,24.5,21.15,19.4,18.1,21.25,23.9,23.75,23.4,23.4,26.15,25.65,27.15,25.7,33.75,33.55,36.8,50.75,43.3,29.15,20.0,19.45,15.7,20.8,17.9,18.85,16.45,13.45,9.6,5.75,0.15
200,종각역,8.05,12.0,13.15,21.0,35.7,41.75,38.4,31.3,31.25,24.0,23.1,22.8,22.6,24.05,28.7,27.65,28.2,30.35,27.95,34.15,30.1,34.3,35.85,42.85,48.55,77.6,53.95,35.0,27.7,25.2,25.6,27.3,22.7,25.5,21.0,16.2,11.6,6.05,2.4
201,종로3가역,20.2,21.5,27.1,37.8,54.15,69.2,60.35,50.45,47.35,38.7,38.25,39.4,37.3,39.45,47.75,45.8,44.5,39.05,41.65,51.9,54.45,60.75,58.1,73.7,78.4,89.5,71.9,54.2,41.15,33.7,34.15,33.75,32.9,33.35,33.15,23.35,16.3,10.75,6.55
202,종로5가역,9.6,11.3,15.05,23.85,41.05,51.7,48.75,40.2,33.65,26.8,26.55,23.9,22.7,29.15,29.3,30.65,28.0,32.5,30.8,35.7,33.25,32.35,39.6,38.3,49.9,68.75,54.25,34.5,25.9,23.65,23.35,26.8,22.25,21.6,19.25,15.7,11.45,5.4,2.55
203,종합운동장역,18.3,16.6,19.25,28.2,39.25,57.4,62.85,44.55,41.3,26.8,27.45,26.35,25.8,28.9,29.7,28.9,31.45,30.8,29.0,36.15,37.05,39.4,43.35,50.55,51.0,66.45,61.75,44.55,30.3,33.25,27.25,38.4,38.8,40.65,25.95,19.7,14.0,9.8,8.0
204,중계역,25.1,20.55,28.55,35.35,47.25,47.9,41.4,38.5,29.2,23.1,20.7,21.1,20.65,23.4,22.0,22.65,21.8,21.05,21.45,23.7,24.15,27.4,32.65,33.45,34.7,42.6,42.45,28.75,22.25,22.0,22.15,21.7,23.95,23.5,19.0,13.0,9.55,8.75,7.45
205,중곡역,55.35,43.05,48.8,68.0,85.15,99.1,70.6,73.95,61.45,45.25,35.95,35.25,33.5,36.0,35.95,37.55,33.05,33.45,34.25,38.85,42.0,48.9,57.75,68.1,74.0,84.0,89.95,54.35,50.5,43.65,44.9,47.25,47.2,48.3,40.6,26.2,22.55,18.15,10.9
206,중화역,34.4,30.75,37.0,50.35,63.8,68.5,54.35,53.0,39.5,31.65,26.4,28.2,26.4,29.85,28.55,29.35,27.8,26.9,26.7,29.35,31.5,35.15,43.85,45.7,55.85,58.3,64.6,40.2,34.75,33.25,32.7,32.25,36.1,35.35,30.1,20.4,15.7,12.95,8.6
207,증산역,19.05,18.2,23.4,37.0,41.2,55.3,37.4,27.3,27.25,24.0,21.2,20.35,19.3,21.6,20.6,22.15,21.5,20.7,19.85,21.1,24.7,28.7,34.15,33.85,34.6,50.45,50.6,33.75,26.9,22.45,20.45,22.55,22.75,23.05,18.2,14.55,9.05,5.9,5.7
208,지축역,28.75,23.3,31.15,52.0,59.15,63.95,48.35,47.45,31.05,27.3,26.5,29.25,24.45,26.8,27.25,25.05,27.4,24.45,26.1,29.2,29.85,28.5,38.9,37.55,45.5,71.1,65.1,52.25,39.2,24.1,27.65,27.75,20.8,22.6,23.1,18.05,15.85,14.7,1.4
209,창동역,9.95,19.0,19.35,27.0,40.2,53.9,32.05,32.85,20.4,21.65,18.6,19.85,16.65,19.1,21.95,20.05,17.4,19.55,18.95,20.15,20.45,23.05,22.5,23.7,29.75,29.45,30.15,22.0,15.9,13.4,12.75,13.5,13.3,13.25,14.8,11.55,9.0,6.15,4.65
210,창신역,13.9,17.7,21.95,29.6,49.1,67.65,61.5,52.0,41.75,39.45,26.15,30.95,30.1,29.75,31.15,30.45,32.25,28.55,27.15,34.55,33.9,36.7,44.25,49.0,59.7,68.15,72.45,49.6,33.3,26.65,28.75,30.05,32.35,31.35,27.7,19.9,13.8,11.45,7.7
211,천왕역,35.6,27.3,38.05,47.5,66.65,75.6,55.0,46.3,32.25,21.45,20.85,20.9,17.85,21.55,19.45,21.85,18.55,20.5,17.8,21.95,22.05,27.95,32.4,42.85,50.85,61.2,63.6,36.7,33.1,26.2,24.9,24.15,24.05,24.6,21.4,19.9,12.1,6.3,3.4
212,천호역,24.0,30.1,33.6,49.55,65.9,76.3,56.4,48.2,33.05,29.35,31.25,30.8,29.55,34.6,33.0,34.05,34.05,31.65,31.8,36.15,39.7,44.65,52.5,64.65,61.25,64.75,75.05,57.9,46.0,43.05,36.5,38.75,36.0,34.4,32.95,26.35,17.85,11.95,9.3
213,철산역,46.2,33.8,42.2,62.8,80.3,87.2,73.2,54.35,44.6,30.85,26.85,24.2,25.65,24.35,27.5,25.8,26.65,23.6,24.9,26.1,30.75,32.6,43.55,51.0,63.3,77.8,71.8,46.6,41.25,32.05,31.2,32.4,30.25,30.5,28.1,25.7,15.55,7.85,8.05
214,청구역,17.5,20.3,23.4,39.2,51.35,62.15,44.6,38.85,35.6,28.7,24.5,26.2,24.55,25.9,26.8,27.15,26.55,26.1,27.1,28.5,30.85,35.4,42.15,50.1,53.05,54.85,56.65,43.5,36.65,31.1,29.3,27.2,27.9,27.3,22.8,18.1,12.25,8.8,5.8
215,청담역,19.95,37.45,34.45,49.55,63.95,76.9,58.9,57.65,58.85,42.25,34.25,30.5,30.75,29.4,32.35,34.1,31.7,31.25,33.55,37.4,39.45,45.0,55.0,67.05,74.75,89.75,79.25,57.05,48.2,44.8,41.35,47.7,45.3,48.0,38.75,26.1,22.95,11.5,8.5
216,청량리역,13.45,12.05,15.95,21.45,37.2,40.15,36.15,27.7,26.15,22.55,19.9,15.85,17.05,18.85,19.45,21.15,20.8,18.45,21.25,21.5,23.55,24.55,29.8,29.35,31.95,45.75,38.95,26.15,18.5,17.65,14.45,18.4,16.3,16.7,15.75,12.9,9.7,3.2,0.05
217,총신대입구역,40.0,41.3,34.55,54.4,69.2,90.2,61.8,56.9,53.75,40.95,33.0,30.05,30.2,29.15,32.35,32.75,30.9,30.05,32.15,33.5,36.6,40.5,50.2,55.25,64.85,73.8,65.05,57.1,44.15,36.85,38.9,40.3,40.4,40.95,42.1,30.5,20.3,12.2,9.6
218,충무로역,24.65,20.15,22.25,34.05,44.05,63.4,54.05,48.15,46.0,35.75,35.95,36.35,36.2,35.95,42.15,42.5,43.6,38.3,40.55,46.4,49.7,55.4,54.3,61.55,63.95,78.95,64.55,44.6,33.9,28.65,27.65,28.9,29.2,35.4,32.5,23.3,16.75,11.3,7.2
219,충정로역,16.5,21.7,21.35,38.5,59.1,74.6,63.8,42.6,34.0,27.5,29.6,32.8,32.9,33.4,36.65,36.85,35.1,35.9,35.2,37.85,38.7,44.65,44.55,58.2,63.4,81.0,73.6,46.1,37.7,33.55,41.15,38.9,38.9,46.0,37.35,26.8,20.15,14.85,7.25
220,태릉입구역,25.45,26.5,34.75,45.55,59.4,59.8,49.6,47.15,33.6,28.05,24.2,24.5,24.6,29.0,26.85,27.75,26.55,25.65,26.05,28.75,30.45,35.0,42.95,44.45,52.35,55.95,62.95,40.1,31.45,31.35,32.1,30.25,34.35,33.6,30.05,20.0,15.3,12.05,6.95
221,하계역,28.0,24.15,30.5,41.95,55.05,54.6,47.25,43.2,32.3,25.75,22.8,23.25,23.0,25.75,24.25,24.7,23.65,22.9,23.45,25.9,26.65,30.6,36.7,37.65,40.1,47.05,49.9,33.95,25.4,25.7,26.0,24.4,26.7,27.95,23.1,15.15,11.05,10.2,8.6
222,하남검단산역,2.75,3.25,3.4,5.55,6.05,5.2,4.9,3.7,2.95,2.95,2.5,2.2,2.45,2.0,2.55,2.6,2.6,2.7,2.45,2.55,3.0,2.85,3.9,3.15,2.6,3.65,2.7,2.05,1.35,1.9,1.25,1.15,1.15,1.95,1.15,0.6,0.25,0.25,0.0
223,하남시청역,6.4,8.7,8.9,13.3,15.2,13.25,12.9,10.15,8.7,7.55,7.35,6.8,7.4,7.3,7.95,7.95,7.5,7.2,7.25,7.4,8.5,8.8,10.65,10.35,9.25,13.35,9.8,7.95,5.8,6.25,5.6,4.95,5.0,5.8,4.1,3.05,2.2,1.45,1.2
224,하남풍산역,7.6,11.6,12.0,17.95,19.75,19.4,17.4,14.1,11.25,10.3,9.05,9.45,10.2,10.1,11.1,11.55,11.05,10.6,10.55,11.95,14.0,13.95,16.35,16.15,17.75,26.95,17.3,14.05,10.1,10.65,9.65,9.05,9.0,9.85,8.0,5.65,4.05,2.65,2.65
225,학동역,23.7,36.25,30.55,42.7,58.65,71.3,52.3,48.55,52.0,39.35,33.7,30.0,30.5,29.85,33.1,33.25,32.35,32.2,33.7,37.15,39.75,44.75,54.75,68.5,72.7,93.5,75.65,61.95,47.65,43.95,40.25,46.35,43.35,47.25,39.95,26.45,22.65,11.05,11.2
226,학여울역,6.35,12.55,12.15,16.75,26.45,33.3,31.05,22.45,17.2,13.3,14.75,15.1,15.05,17.85,15.6,16.35,16.05,17.95,18.75,18.3,16.95,22.85,31.35,31.55,24.9,30.4,33.9,18.4,14.1,12.8,11.35,11.3,12.0,16.25,11.65,7.0,5.65,3.6,2.2
227,한강진역,7.8,11.15,13.05,19.0,29.25,38.95,30.9,27.4,27.65,21.7,18.5,20.25,19.5,18.9,20.65,20.85,21.6,19.6,19.55,23.65,24.7,27.4,31.0,36.0,40.45,51.35,47.6,34.4,23.9,20.55,22.35,22.9,24.45,24.3,22.05,14.15,9.9,8.15,2.8
228,한성대입구역,37.2,29.55,34.15,50.25,68.1,101.75,76.2,61.35,51.55,36.35,38.3,37.15,38.4,36.85,42.3,38.05,39.45,33.55,43.8,42.5,45.95,44.75,61.85,67.8,67.1,77.4,79.2,58.65,39.3,34.75,33.5,32.2,32.5,39.15,41.05,30.5,22.3,12.3,11.35
229,한양대역,12.85,16.5,15.7,29.55,37.4,56.05,49.5,32.05,32.65,19.75,23.35,27.6,25.95,26.9,30.35,30.55,27.8,30.55,31.45,32.35,38.45,33.9,42.05,48.75,48.45,64.05,60.85,39.0,28.1,32.3,26.55,28.15,34.65,30.4,28.15,17.4,15.15,8.4,6.75
230,합정역,23.65,27.75,27.8,40.2,69.25,92.6,67.8,46.0,36.35,30.3,31.0,32.05,31.8,34.0,36.25,37.3,34.75,34.65,33.75,35.2,36.4,44.15,47.15,50.45,55.1,73.55,74.75,49.45,36.55,30.55,45.85,43.05,36.35,54.5,37.8,32.75,17.85,13.45,10.95
231,행당역,21.65,22.1,25.3,38.8,55.15,66.05,46.45,34.9,31.55,26.7,26.1,27.95,25.7,26.8,28.55,29.0,27.35,26.75,27.85,29.75,31.55,35.1,44.2,49.25,53.95,50.45,56.0,43.6,37.0,30.25,29.4,27.75,26.7,27.85,23.25,18.5,13.5,7.35,8.55
232,혜화역,37.95,29.55,33.05,48.75,67.15,96.65,75.55,59.5,52.05,36.6,40.2,39.25,41.75,38.95,46.65,40.6,42.0,36.1,47.85,46.8,53.25,49.0,67.75,72.65,75.25,85.2,82.4,62.7,41.6,39.15,36.85,38.0,40.55,50.9,47.35,33.6,27.05,14.2,9.2
233,홍대입구역,16.05,22.05,23.7,35.1,60.0,81.85,60.3,41.95,31.9,26.15,30.6,31.3,29.5,32.2,34.05,34.45,32.5,33.55,31.45,35.0,34.2,41.1,44.55,47.95,51.35,65.35,69.15,42.9,32.35,29.45,43.45,40.25,38.2,54.05,36.55,32.0,20.6,14.1,11.1
234,홍제역,29.55,25.25,30.55,42.2,64.05,84.5,55.95,47.6,41.55,36.65,35.25,30.25,30.25,29.95,37.4,39.85,34.8,27.95,31.35,36.25,46.8,44.15,41.15,54.35,70.9,66.3,64.3,45.75,36.7,29.15,29.35,24.95,29.8,24.4,26.65,21.55,14.6,7.9,6.8
235,화곡역,26.9,21.8,22.05,37.4,52.45,58.9,42.75,28.35,25.15,21.8,21.6,21.0,21.5,22.4,22.2,23.05,23.4,21.2,21.85,23.35,24.15,29.0,30.55,33.55,33.8,44.15,42.9,30.9,23.8,21.35,19.8,19.35,17.95,19.7,15.15,11.4,7.25,6.85,4.0
236,화랑대역,5.9,6.95,8.8,13.15,19.6,22.75,17.75,14.75,10.55,9.85,7.5,7.5,7.9,8.75,7.8,7.9,8.25,7.55,7.35,8.45,8.55,8.6,9.85,11.35,13.15,15.25,13.35,11.6,7.4,5.2,5.05,5.55,5.2,5.45,4.7,3.35,2.1,1.25,0.9
237,회현역,16.15,19.25,17.5,26.55,34.25,45.05,45.3,33.7,39.65,27.2,27.6,27.45,31.8,31.6,34.1,33.4,33.5,31.75,34.45,36.85,39.7,42.35,50.25,56.55,50.65,65.4,53.0,36.9,27.0,25.35,23.05,24.6,24.2,29.95,25.95,19.7,13.25,8.95,6.05
238,효창공원앞역,10.25,14.45,16.55,25.75,38.05,50.65,40.05,31.8,34.35,26.0,24.75,24.15,22.4,22.65,25.65,26.15,26.1,24.25,23.0,26.15,28.6,31.45,35.55,42.2,47.25,65.65,57.45,41.05,28.1,24.7,24.65,26.2,28.3,26.95,22.65,16.5,10.9,8.75,6.0
