상가유형,호선,역명,면적(제곱미터),계약시작일자,계약종료일자,월임대료,사업진행단계
개별(일반),1호선,서울역,33.0,2019-06-20,2024-06-19,380100.0,0
네트워크,1호선,서울역,12.0,2023-01-16,2028-05-16,3225582.0,0
개별(일반),1호선,시청역,29.73,2022-08-02,2027-08-02,3166600.0,0
개별(일반),1호선,시청역,57.6,2020-02-01,2025-01-31,1858300.0,0
개별(일반),1호선,시청역,25.0,2020-12-31,2026-01-30,2470600.0,0
네트워크,1호선,시청역,25.0,2021-06-03,2026-08-02,4145884.0,0
개별(일반),1호선,시청역,14.0,2017-09-19,2024-11-17,1805400.0,0
개별(일반),1호선,시청역,22.0,2020-09-18,2025-10-18,2613800.0,0
공실,1호선,종각역,36.85,,,,1
개별(일반),1호선,종각역,18.64,2023-02-09,2028-03-11,3471600.0,0
네트워크,1호선,종각역,29.3,2022-06-09,2027-06-08,6558547.0,0
임대진행,1호선,종각역,30.7,,,,5
개별(일반),1호선,종각역,11.0,2021-10-06,2026-11-05,2450000.0,0
개별(일반),1호선,종각역,12.0,2021-08-23,2026-09-22,5680000.0,0
임대진행,1호선,종각역,42.0,,,,4
개별(일반),1호선,종각역,23.14,2022-08-08,2027-09-07,2310000.0,0
공실,1호선,종각역,16.15,,,,1
공실,1호선,종각역,21.82,,,,1
개별(일반),1호선,종각역,19.14,2022-08-08,2027-09-07,4330000.0,0
공실,1호선,종각역,29.62,,,,2
개별(일반),1호선,종각역,29.4,2020-02-24,2025-03-25,8130000.0,0
개별(일반),1호선,종로3가역,23.4,2018-10-23,2023-11-21,2260000.0,0
개별(일반),1호선,종로3가역,17.6,2021-08-13,2026-09-12,3550000.0,0
네트워크,1호선,종로3가역,18.05,2022-10-21,2028-02-18,2261006.0,0
개별(일반),1호선,종로3가역,26.0,2018-08-14,2023-09-12,4350000.0,0
공실,1호선,종로3가역,63.95,,,,2
개별(일반),1호선,종로5가역,25.13,2021-09-03,2026-10-03,5310000.0,0
개별(일반),1호선,종로5가역,16.16,2021-09-02,2026-10-02,4110000.0,0
공실,1호선,동대문역,28.48,,,,2
개별(일반),1호선,동묘앞역,17.7,2020-10-19,2025-11-18,3550000.0,0
개별(일반),2호선,을지로입구역,85.1,2019-06-01,2024-05-31,2900000.0,0
개별(일반),2호선,을지로입구역,16.7,2021-08-19,2026-08-19,14500000.0,0
개별(일반),2호선,을지로입구역,17.2,2022-06-07,2027-06-07,15450000.0,0
개별(일반),2호선,을지로입구역,17.2,2019-10-15,2024-11-13,14993000.0,0
개별(일반),2호선,을지로입구역,16.7,2019-12-12,2025-01-10,14403100.0,0
개별(일반),2호선,을지로입구역,33.9,2021-06-07,2026-07-07,8176600.0,0
개별(일반),2호선,을지로입구역,32.51,2021-01-04,2026-02-03,12350000.0,0
개별(대형),2호선,을지로입구역,32.2,2023-02-27,2028-05-28,1061604.0,0
개별(일반),2호선,을지로입구역,17.6,2021-01-04,2026-02-03,6150000.0,0
임대진행,2호선,을지로입구역,19.47,,,,4
개별(대형),2호선,을지로입구역,180.0,2023-02-27,2028-05-28,44049396.0,0
개별(대형),2호선,을지로입구역,,2023-02-27,2028-05-28,,0
개별(일반),2호선,을지로입구역,26.82,2020-12-21,2026-01-20,5600000.0,0
개별(일반),2호선,을지로입구역,75.95,2017-11-07,2024-12-06,16177400.0,0
네트워크,2호선,을지로입구역,16.0,2021-02-01,2026-06-01,4964659.0,0
네트워크,2호선,을지로입구역,40.0,2021-06-03,2026-08-02,5081616.0,0
네트워크,2호선,을지로입구역,19.0,2018-11-27,2024-01-25,1914866.0,0
임대진행,2호선,을지로입구역,76.0,,,,3
개별(일반),2호선,을지로3가역,16.2,2020-10-14,2025-11-13,823300.0,0
개별(일반),2호선,을지로3가역,16.2,2020-11-02,2025-12-02,603600.0,0
개별(일반),2호선,을지로3가역,11.5,2022-07-28,2027-07-27,636000.0,0
개별(일반),2호선,을지로3가역,11.5,2019-04-02,2024-05-01,816600.0,0
개별(일반),2호선,을지로3가역,26.0,2019-04-02,2024-05-01,1259100.0,0
개별(일반),2호선,을지로3가역,13.0,2022-02-21,2027-03-23,905000.0,0
개별(일반),2호선,을지로3가역,18.96,2020-11-26,2026-01-10,450000.0,0
개별(일반),2호선,을지로3가역,27.9,2022-10-14,2027-11-13,1645000.0,0
개별(일반),2호선,을지로4가역,22.84,2022-04-01,2027-04-01,1040000.0,0
개별(일반),2호선,을지로4가역,23.2,2022-07-28,2027-07-27,501000.0,0
개별(일반),2호선,을지로4가역,14.9,2021-06-16,2026-07-16,330000.0,0
개별(일반),2호선,을지로4가역,14.9,2022-10-06,2027-11-05,502600.0,0
임대진행,2호선,을지로4가역,14.9,,,,3
네트워크,2호선,을지로4가역,38.0,2023-02-17,2025-02-16,2161008.0,0
개별(일반),2호선,을지로4가역,32.8,2020-11-02,2025-12-02,1466600.0,0
개별(일반),2호선,동대문역사문화공원역,62.2,2021-04-14,2026-05-14,1452000.0,0
네트워크,2호선,동대문역사문화공원역,31.69,2018-11-16,2024-01-14,6039300.0,0
네트워크,2호선,동대문역사문화공원역,32.5,2021-02-01,2026-06-01,11100210.0,0
개별(일반),2호선,동대문역사문화공원역,12.0,2021-01-04,2026-02-03,4310000.0,0
개별(일반),2호선,동대문역사문화공원역,25.7,2022-02-21,2027-03-23,7122000.0,0
개별(일반),2호선,동대문역사문화공원역,45.64,2023-02-06,2028-03-08,9310000.0,0
네트워크,2호선,동대문역사문화공원역,19.5,2022-12-02,2028-04-01,5059793.0,0
개별(일반),2호선,신당역,14.82,2020-12-21,2026-01-20,1100000.0,0
개별(일반),2호선,신당역,11.0,2018-11-06,2023-12-05,850000.0,0
네트워크,2호선,상왕십리역,30.6,2020-12-23,2026-03-23,2666031.0,0
개별(일반),2호선,상왕십리역,37.0,2022-04-08,2027-04-08,5610000.0,0
개별(일반),2호선,상왕십리역,30.0,2021-03-19,2026-04-18,2516600.0,0
개별(일반),2호선,왕십리역,12.35,2017-09-19,2024-10-18,1131400.0,0
개별(일반),2호선,왕십리역,12.35,2018-08-14,2023-09-12,1538900.0,0
개별(일반),2호선,왕십리역,33.68,2020-11-26,2026-01-10,1520000.0,0
복합,2호선,왕십리역,24.5,2022-10-24,2028-02-21,3046749.0,0
복합,2호선,왕십리역,24.5,2022-10-24,2028-02-21,3080508.0,0
복합,2호선,왕십리역,44.43,2022-10-24,2028-02-21,5438598.0,0
복합,2호선,왕십리역,30.06,2022-10-24,2028-02-21,3779545.0,0
복합,2호선,왕십리역,27.65,2022-10-24,2028-02-21,3321200.0,0
개별(일반),2호선,한양대역,46.8,2019-05-21,2024-06-19,418000.0,0
개별(일반),2호선,한양대역,13.9,2020-04-03,2025-05-03,3170000.0,0
개별(일반),2호선,한양대역,18.0,2020-08-03,2025-09-02,3400000.0,0
개별(일반),2호선,한양대역,90.1,2017-11-07,2024-12-06,4912200.0,0
임대진행,2호선,한양대역,20.04,,,,5
임대진행,2호선,뚝섬역,14.23,,,,3
개별(일반),2호선,뚝섬역,31.2,2022-08-08,2027-09-07,4330000.0,0
개별(일반),2호선,뚝섬역,13.0,2020-11-26,2026-01-10,500000.0,0
개별(일반),2호선,뚝섬역,25.17,2022-05-09,2027-06-08,1410000.0,0
개별(일반),2호선,뚝섬역,21.99,2023-03-06,2028-04-05,2259300.0,0
네트워크,2호선,성수역,28.4,2020-12-23,2026-03-23,4012522.0,0
개별(일반),2호선,성수역,23.5,2022-12-21,2028-01-20,1820000.0,0
개별(일반),2호선,성수역,16.28,2022-04-11,2027-05-11,3320000.0,0
개별(일반),2호선,성수역,32.76,2022-02-18,2027-03-20,1700000.0,0
개별(일반),2호선,성수역,27.0,2020-10-30,2025-11-29,2511000.0,0
개별(일반),2호선,성수역,22.8,2018-07-10,2023-08-08,4800000.0,0
개별(일반),2호선,성수역,21.3,2019-11-26,2024-12-25,2702700.0,0
개별(일반),2호선,건대입구역,69.5,2019-06-25,2024-07-24,7512000.0,0
개별(일반),2호선,건대입구역,22.8,2021-10-27,2026-11-26,2978200.0,0
네트워크,2호선,건대입구역,19.5,2022-12-02,2028-04-01,2827656.0,0
개별(일반),2호선,건대입구역,36.04,2022-02-21,2027-03-23,7070000.0,0
개별(일반),2호선,건대입구역,29.5,2019-12-24,2025-01-22,5011000.0,0
네트워크,2호선,건대입구역,29.68,2017-12-29,2025-02-06,6271910.0,0
개별(일반),2호선,건대입구역,36.0,2021-10-28,2026-11-27,10810000.0,0
개별(일반),2호선,건대입구역,35.6,2018-12-25,2024-01-23,6210000.0,0
개별(일반),2호선,건대입구역,23.42,2022-01-13,2027-02-12,5196800.0,0
네트워크,2호선,구의역,23.1,2022-10-21,2028-02-18,2561360.0,0
개별(일반),2호선,구의역,12.08,2020-04-01,2025-05-01,1687000.0,0
네트워크,2호선,구의역,50.46,2020-12-23,2026-03-23,6940535.0,0
개별(일반),2호선,구의역,20.0,2018-04-10,2023-05-09,1023000.0,0
개별(일반),2호선,구의역,27.57,2018-12-21,2024-01-19,1000000.0,0
네트워크,2호선,강변역,36.5,2020-12-23,2026-03-23,8729997.0,0
개별(일반),2호선,강변역,41.0,2022-02-14,2027-02-14,14410000.0,0
개별(대형),2호선,잠실나루역,112.3,2019-04-09,2024-05-08,5500000.0,0
개별(일반),2호선,잠실나루역,27.54,2021-04-12,2026-05-12,4711000.0,0
네트워크,2호선,잠실나루역,48.1,2022-06-09,2027-06-08,6956303.0,0
개별(일반),2호선,잠실나루역,24.8,2021-04-22,2026-05-22,2660000.0,0
개별(일반),2호선,잠실나루역,25.62,2020-11-26,2026-01-10,2100000.0,0
개별(일반),2호선,잠실나루역,24.0,2021-03-15,2026-04-14,2810000.0,0
개별(일반),2호선,잠실나루역,28.6,2021-06-21,2026-07-21,1230000.0,0
개별(대형),2호선,잠실나루역,102.5,2018-12-18,2023-12-17,14311000.0,0
복합,2호선,잠실역,15.5,2023-03-13,2028-08-10,8443578.0,0
개별(일반),2호선,잠실역,21.3,2021-05-24,2026-06-23,9900000.0,0
복합,2호선,잠실역,31.2,2023-03-13,2028-08-10,15142177.0,0
개별(일반),2호선,잠실역,20.82,2022-06-09,2027-07-09,2500000.0,0
임대진행,2호선,잠실역,10.45,,,,3
개별(일반),2호선,잠실역,10.45,2022-05-27,2027-06-26,1630500.0,0
개별(일반),2호선,잠실역,20.9,2021-12-13,2027-01-12,3500000.0,0
개별(일반),2호선,잠실역,20.9,2021-06-01,2026-07-01,3100000.0,0
개별(일반),2호선,잠실역,10.44,2021-05-28,2026-06-27,1750000.0,0
네트워크,2호선,잠실역,10.38,2021-06-03,2026-08-02,4106615.0,0
복합,2호선,잠실역,37.73,2023-03-13,2028-08-10,21202958.0,0
복합,2호선,잠실역,124.91,2023-03-13,2028-08-10,70933119.0,0
복합,2호선,잠실역,34.0,2023-03-13,2028-08-10,19766871.0,0
복합,2호선,잠실역,34.0,2023-03-13,2028-08-10,19405282.0,0
복합,2호선,잠실역,36.0,2023-03-13,2028-08-10,20176064.0,0
네트워크,2호선,잠실역,12.0,2021-02-01,2026-06-01,10072227.0,0
개별(일반),2호선,잠실역,14.2,2021-02-01,2026-03-03,6150000.0,0
개별(일반),2호선,잠실역,14.0,2021-06-01,2026-07-01,8030000.0,0
복합,2호선,잠실역,12.0,2023-03-13,2028-08-10,6929951.0,0
소송상가,2호선,잠실역,40.1,2019-09-17,2024-11-15,10636263.0,0
네트워크,2호선,잠실역,38.0,2021-06-03,2026-08-02,11719878.0,0
네트워크,2호선,잠실새내역,24.65,2022-12-02,2028-04-01,4790715.0,0
개별(일반),2호선,잠실새내역,19.44,2022-11-14,2027-12-14,3410000.0,0
개별(일반),2호선,잠실새내역,19.44,2021-11-11,2026-12-11,3510000.0,0
임대진행,2호선,종합운동장역,65.37,,,,5
개별(일반),2호선,종합운동장역,31.1,2022-11-10,2027-12-10,2572200.0,0
개별(일반),2호선,종합운동장역,71.8,2022-03-04,2027-03-04,7392500.0,0
임대진행,2호선,종합운동장역,25.0,,,,3
네트워크,2호선,종합운동장역,25.0,2023-02-17,2025-02-16,3072420.0,0
임대진행,2호선,종합운동장역,53.2,,,,3
네트워크,2호선,선릉역,38.03,2020-12-23,2026-03-23,11892315.0,0
개별(일반),2호선,선릉역,24.34,2021-02-15,2026-03-17,4440000.0,0
개별(일반),2호선,선릉역,19.48,2020-12-17,2026-01-16,4166600.0,0
네트워크,2호선,선릉역,20.21,2021-06-03,2026-08-02,6496749.0,0
복합,2호선,선릉역,20.0,2022-02-24,2027-04-25,6176760.0,0
복합,2호선,선릉역,34.46,2022-02-24,2027-04-25,10125559.0,0
복합,2호선,선릉역,20.0,2022-02-24,2027-04-25,5876140.0,0
복합,2호선,선릉역,24.1,2022-02-24,2027-04-25,7081430.0,0
복합,2호선,선릉역,18.48,2022-02-24,2027-04-25,5707568.0,0
복합,2호선,선릉역,19.0,2022-02-24,2027-04-25,5582543.0,0
네트워크,2호선,선릉역,13.0,2021-02-01,2026-06-01,3758111.0,0
네트워크,2호선,선릉역,18.3,2022-10-21,2028-02-18,6424161.0,0
네트워크,2호선,선릉역,16.0,2023-02-17,2025-02-16,6821212.0,0
개별(일반),2호선,선릉역,12.0,2020-12-24,2026-01-23,2600000.0,0
개별(일반),2호선,선릉역,16.0,2020-03-02,2025-04-01,4530000.0,0
복합,2호선,역삼역,361.0,2022-01-24,2027-05-24,12452900.0,0
복합,2호선,역삼역,34.02,2022-01-24,2027-05-24,5491922.0,0
네트워크,2호선,역삼역,26.4,2022-12-02,2028-04-01,4879147.0,0
임대진행,2호선,역삼역,22.5,,,,3
네트워크,2호선,역삼역,52.32,2021-06-03,2026-08-02,9584313.0,0
개별(일반),2호선,역삼역,23.18,2021-03-12,2026-04-11,4211300.0,0
소송상가,2호선,역삼역,107.5,2019-09-17,2024-11-15,17245941.0,0
네트워크,2호선,역삼역,21.0,2021-02-01,2026-06-01,2343936.0,0
개별(일반),2호선,역삼역,13.0,2020-11-05,2025-12-05,3810000.0,0
개별(일반),2호선,역삼역,25.8,2022-04-11,2027-05-11,8412000.0,0
개별(일반),2호선,강남역,26.55,2021-07-12,2026-08-11,10000800.0,0
임대진행,2호선,강남역,13.3,,,,4
임대진행,2호선,강남역,26.6,,,,5
네트워크,2호선,강남역,35.5,2020-12-23,2026-03-23,22234458.0,0
소송상가,2호선,강남역,60.97,2019-09-17,2024-11-15,29358258.0,0
네트워크,2호선,강남역,20.3,2021-06-03,2026-08-02,7178586.0,0
네트워크,2호선,교대역,18.6,2021-02-01,2026-06-01,4338960.0,0
개별(일반),2호선,교대역,56.3,2021-01-11,2026-02-10,6683300.0,0
개별(일반),2호선,교대역,11.0,2019-11-20,2024-12-19,621900.0,0
개별(일반),2호선,교대역,18.0,2022-09-01,2027-10-01,2063300.0,0
네트워크,2호선,교대역,29.28,2021-06-03,2026-08-02,2933186.0,0
개별(일반),2호선,교대역,28.05,2022-06-08,2027-06-08,3360000.0,0
개별(일반),2호선,교대역,15.0,2022-11-08,2027-12-08,1833300.0,0
개별(일반),2호선,교대역,15.0,2021-10-26,2026-11-25,11310000.0,0
개별(일반),2호선,서초역,21.82,2023-01-26,2028-02-25,2191600.0,0
네트워크,2호선,서초역,20.6,2021-06-03,2026-08-02,2896848.0,0
개별(일반),2호선,서초역,32.02,2022-10-14,2027-11-13,2910000.0,0
네트워크,2호선,서초역,32.02,2022-06-09,2027-06-08,9933412.0,0
네트워크,2호선,서초역,16.0,2021-11-22,2027-01-21,2409452.0,0
개별(일반),2호선,서초역,17.8,2020-06-22,2025-07-22,2525200.0,0
개별(일반),2호선,서초역,16.0,2019-06-25,2024-07-24,4020000.0,0
네트워크,2호선,방배역,27.0,2020-12-23,2026-03-23,2722601.0,0
개별(일반),2호선,방배역,19.32,2021-10-18,2026-11-17,2150000.0,0
개별(일반),2호선,방배역,17.85,2019-09-22,2024-09-21,1700000.0,0
개별(일반),2호선,방배역,20.43,2022-01-18,2027-02-17,2503000.0,0
개별(일반),2호선,방배역,19.43,2022-12-22,2028-01-21,1266600.0,0
개별(일반),2호선,방배역,18.0,2022-06-17,2027-07-17,740000.0,0
개별(일반),2호선,사당역,65.5,2021-06-03,2026-07-03,15833300.0,0
네트워크,2호선,사당역,57.72,2020-12-23,2026-03-23,26027971.0,0
네트워크,2호선,사당역,20.2,2021-11-22,2027-01-21,5875337.0,0
소송상가,2호선,사당역,137.0,2019-09-17,2024-11-15,28555111.0,0
공실,2호선,사당역,11.45,,,,1
개별(일반),2호선,사당역,26.4,2018-05-09,2023-06-07,12034000.0,0
개별(일반),2호선,사당역,14.96,2020-07-31,2025-08-30,5133000.0,0
네트워크,2호선,사당역,23.0,2021-02-01,2026-06-01,10679418.0,0
개별(일반),2호선,사당역,22.0,2018-09-07,2023-10-06,6020000.0,0
개별(일반),2호선,사당역,25.04,2019-12-24,2025-01-22,5003800.0,0
개별(일반),2호선,사당역,12.84,2023-03-16,2028-04-15,6352500.0,0
개별(일반),2호선,사당역,15.3,2022-06-17,2027-07-17,7070000.0,0
네트워크,2호선,낙성대역,16.7,2021-06-03,2026-08-02,1775349.0,0
개별(일반),2호선,낙성대역,20.94,2020-08-03,2025-09-02,3210000.0,0
공실,2호선,낙성대역,21.28,,,,2
개별(일반),2호선,낙성대역,112.42,2019-11-02,2024-12-31,1010000.0,0
네트워크,2호선,서울대입구역,26.64,2020-12-23,2026-03-23,5906786.0,0
네트워크,2호선,서울대입구역,14.0,2021-02-01,2026-06-01,4484731.0,0
네트워크,2호선,서울대입구역,29.26,2017-12-29,2025-02-06,9325810.0,0
네트워크,2호선,봉천역,27.81,2022-06-20,2027-08-19,3034000.0,0
네트워크,2호선,봉천역,17.61,2018-11-16,2024-01-14,1814100.0,0
네트워크,2호선,신림역,15.0,2021-02-01,2026-06-01,6998323.0,0
개별(일반),2호선,신림역,14.0,2023-03-20,2028-04-19,5115000.0,0
개별(일반),2호선,신림역,16.0,2023-02-06,2028-03-08,9201100.0,0
개별(일반),2호선,신림역,8.0,2021-06-03,2026-07-03,4550000.0,0
개별(일반),2호선,신림역,13.0,2020-12-21,2026-01-20,8520000.0,0
네트워크,2호선,신대방역,27.8,2022-06-09,2027-06-08,4751738.0,0
개별(일반),2호선,신대방역,24.9,2023-03-06,2028-04-05,4046100.0,0
네트워크,2호선,신대방역,240.3,2021-06-03,2026-08-02,18396736.0,0
개별(대형),2호선,구로디지털단지역,103.0,2021-01-18,2026-03-18,17010000.0,0
개별(일반),2호선,구로디지털단지역,29.0,2022-06-17,2027-07-17,13000900.0,0
네트워크,2호선,구로디지털단지역,10.66,2017-12-29,2025-02-06,6803490.0,0
개별(대형),2호선,구로디지털단지역,100.8,2020-08-03,2025-09-02,10230000.0,0
개별(일반),2호선,대림역,15.76,2021-05-26,2026-06-25,4210000.0,0
개별(일반),2호선,대림역,14.93,2022-06-09,2027-07-09,6250000.0,0
개별(일반),2호선,대림역,14.93,2020-09-11,2025-10-11,11100000.0,0
개별(일반),2호선,대림역,14.93,2020-07-29,2025-08-28,6510000.0,0
개별(일반),2호선,대림역,19.47,2020-12-21,2026-01-20,9600000.0,0
네트워크,2호선,대림역,20.0,2022-06-09,2027-06-08,6295008.0,0
공실,2호선,대림역,15.5,,,,1
개별(일반),2호선,대림역,14.0,2022-04-11,2027-05-11,9132000.0,0
개별(일반),2호선,대림역,33.0,2019-11-26,2024-12-25,13030000.0,0
네트워크,2호선,신도림역,24.13,2020-12-23,2026-03-23,6022805.0,0
네트워크,2호선,신도림역,25.0,2022-06-09,2027-06-08,13861339.0,0
개별(일반),2호선,신도림역,34.49,2018-12-28,2024-01-26,7800000.0,0
개별(일반),2호선,신도림역,12.0,2021-08-12,2026-09-11,12085000.0,0
개별(일반),2호선,신도림역,44.6,2021-11-18,2026-12-18,6120000.0,0
네트워크,2호선,신도림역,40.8,2018-11-27,2024-01-25,4424221.0,0
임대진행,2호선,신도림역,44.6,,,,3
개별(일반),2호선,신도림역,22.5,2021-09-03,2026-10-03,3310000.0,0
개별(일반),2호선,신도림역,22.5,2020-02-24,2025-03-25,3269500.0,0
네트워크,2호선,신도림역,27.4,2018-11-16,2024-01-14,4706888.0,0
네트워크,2호선,신도림역,18.8,2022-12-02,2028-04-01,3305847.0,0
소송상가,2호선,신도림역,85.5,2019-09-17,2024-11-15,22737727.0,0
네트워크,2호선,문래역,28.29,2020-12-23,2026-03-23,2660399.0,0
개별(일반),2호선,문래역,17.0,2020-11-26,2025-12-26,4019000.0,0
개별(일반),2호선,문래역,42.0,2020-02-24,2025-03-25,3608800.0,0
개별(일반),2호선,문래역,17.83,2020-11-09,2025-12-09,1180000.0,0
복합,2호선,영등포구청역,19.88,2019-07-15,2024-10-23,23850000.0,0
복합,2호선,영등포구청역,26.01,2019-07-15,2024-10-23,,0
복합,2호선,영등포구청역,24.14,2019-07-15,2024-10-23,,0
복합,2호선,영등포구청역,28.93,2019-07-15,2024-10-23,,0
복합,2호선,영등포구청역,17.13,2019-07-15,2024-10-23,,0
복합,2호선,영등포구청역,29.07,2019-07-15,2024-10-23,,0
개별(일반),2호선,당산역,22.0,2021-04-22,2026-05-22,3130000.0,0
개별(일반),2호선,당산역,26.14,2022-08-08,2027-09-07,8706600.0,0
공실,2호선,당산역,35.64,,,,1
개별(일반),2호선,당산역,25.0,2021-11-25,2026-12-25,2830000.0,0
개별(일반),2호선,당산역,60.04,2019-12-10,2025-01-08,5359000.0,0
개별(일반),2호선,당산역,12.0,2018-04-10,2023-05-09,2810000.0,0
개별(일반),2호선,합정역,30.74,2021-11-18,2026-12-18,5851900.0,0
개별(일반),2호선,합정역,31.41,2020-02-24,2025-03-25,6550000.0,0
개별(일반),2호선,합정역,18.47,2020-11-03,2025-12-03,3710000.0,0
개별(일반),2호선,합정역,17.6,2022-01-28,2027-02-27,11757000.0,0
개별(일반),2호선,합정역,13.65,2021-05-27,2026-06-26,4419000.0,0
개별(일반),2호선,합정역,13.16,2022-07-08,2027-08-07,1750000.0,0
네트워크,2호선,합정역,26.59,2020-12-23,2026-03-23,6781462.0,0
개별(일반),2호선,합정역,13.69,2020-05-27,2025-06-26,3620000.0,0
개별(일반),2호선,합정역,13.69,2017-11-07,2024-12-06,4220500.0,0
개별(일반),2호선,합정역,38.05,2022-08-08,2027-09-07,10010000.0,0
복합,2호선,합정역,29.89,2022-08-29,2027-11-27,5484198.0,0
복합,2호선,합정역,42.23,2022-08-29,2027-11-27,5705837.0,0
복합,2호선,합정역,60.05,2022-08-29,2027-11-27,8346766.0,0
복합,2호선,합정역,42.01,2022-08-29,2027-11-27,3821011.0,0
복합,2호선,홍대입구역,33.0,2021-03-22,2026-07-20,9613837.0,0
복합,2호선,홍대입구역,17.11,2021-03-22,2026-07-20,5192551.0,0
복합,2호선,홍대입구역,32.73,2021-03-22,2026-07-20,9932939.0,0
복합,2호선,홍대입구역,23.1,2021-03-22,2026-07-20,25274548.0,0
복합,2호선,홍대입구역,28.02,2021-03-22,2026-07-20,,0
복합,2호선,홍대입구역,34.76,2021-03-22,2026-07-20,,0
복합,2호선,홍대입구역,31.0,2021-03-22,2026-07-20,9031258.0,0
네트워크,2호선,홍대입구역,12.0,2020-12-23,2026-03-23,7428858.0,0
네트워크,2호선,신촌역,33.0,2020-12-23,2026-03-23,17632662.0,0
개별(일반),2호선,신촌역,9.8,2022-11-03,2027-12-03,4407400.0,0
개별(일반),2호선,신촌역,13.2,2020-12-21,2026-01-20,8250000.0,0
개별(일반),2호선,신촌역,30.17,2022-11-03,2027-12-03,12350000.0,0
공실,2호선,신촌역,11.25,,,,2
개별(일반),2호선,신촌역,21.0,2021-01-28,2026-02-28,6783300.0,0
네트워크,2호선,신촌역,18.0,2021-02-01,2026-06-01,8217169.0,0
개별(일반),2호선,신촌역,32.0,2022-03-28,2027-04-27,12538400.0,0
네트워크,2호선,신촌역,44.42,2022-06-09,2027-06-08,15722645.0,0
개별(일반),2호선,이대역,14.5,2022-12-22,2028-01-21,2320000.0,0
개별(일반),2호선,이대역,13.51,2022-12-22,2028-01-21,2180000.0,0
개별(일반),2호선,이대역,21.13,2022-04-04,2027-05-04,3020000.0,0
임대진행,2호선,이대역,27.66,,,,4
임대진행,2호선,이대역,20.0,,,,4
임대진행,2호선,이대역,33.0,,,,5
네트워크,2호선,아현역,35.2,2020-12-23,2026-03-23,2353016.0,0
네트워크,2호선,아현역,34.8,2022-12-16,2028-04-15,1951902.0,0
개별(일반),2호선,아현역,22.58,2021-02-15,2026-04-01,460000.0,0
네트워크,2호선,아현역,24.05,2022-10-27,2028-02-24,1028675.0,0
네트워크,2호선,아현역,25.0,2022-06-20,2027-08-19,1124425.0,0
네트워크,2호선,충정로역,26.12,2020-12-23,2026-03-23,5693895.0,0
임대진행,2호선,충정로역,20.0,,,,5
개별(일반),2호선,충정로역,15.0,2019-11-26,2024-12-25,3512000.0,0
개별(일반),2호선,양천구청역,18.84,2021-02-22,2026-03-24,886500.0,0
네트워크,2호선,양천구청역,26.04,2022-06-20,2027-08-19,965550.0,0
네트워크,2호선,신정네거리역,42.45,2022-06-20,2027-08-19,1622575.0,0
네트워크,3호선,연신내역,38.3,2023-01-16,2028-05-16,5089545.0,0
개별(일반),3호선,연신내역,29.9,2018-07-10,2023-08-08,2565000.0,0
개별(일반),3호선,연신내역,19.96,2019-09-23,2024-09-22,965000.0,0
개별(일반),3호선,연신내역,19.96,2018-09-29,2023-10-28,1705100.0,0
개별(일반),3호선,연신내역,22.0,2018-08-14,2023-09-12,1583300.0,0
개별(일반),3호선,불광역,12.99,2022-06-17,2027-07-17,500000.0,0
개별(일반),3호선,불광역,13.02,2021-09-08,2026-10-08,337800.0,0
네트워크,3호선,불광역,39.05,2022-09-07,2028-02-04,1162662.0,0
공실,3호선,불광역,13.03,,,,2
공실,3호선,불광역,13.03,,,,2
네트워크,3호선,불광역,18.81,2020-12-23,2026-03-23,1135946.0,0
개별(일반),3호선,불광역,35.0,2020-12-02,2026-01-01,1800000.0,0
공실,3호선,불광역,23.0,,,,2
공실,3호선,불광역,46.0,,,,2
개별(대형),3호선,녹번역,103.85,2020-02-14,2025-03-14,1879100.0,0
개별(일반),3호선,녹번역,19.3,2020-11-23,2025-12-23,485000.0,0
공실,3호선,녹번역,12.65,,,,2
임대진행,3호선,녹번역,13.47,,,,3
개별(일반),3호선,녹번역,29.3,2020-02-21,2025-03-22,698000.0,0
공실,3호선,홍제역,14.41,,,,1
공실,3호선,홍제역,14.41,,,,1
공실,3호선,홍제역,14.41,,,,1
공실,3호선,홍제역,14.41,,,,1
개별(대형),3호선,홍제역,1351.0,2022-02-24,2027-04-25,46465000.0,0
개별(일반),3호선,홍제역,15.52,2020-11-30,2025-12-30,2420400.0,0
개별(일반),3호선,홍제역,16.8,2023-03-08,2028-04-07,1140000.0,0
네트워크,3호선,경복궁역,25.5,2021-02-01,2026-06-01,1508490.0,0
개별(일반),3호선,안국역,19.5,2020-05-19,2025-06-18,611000.0,0
개별(일반),3호선,안국역,28.8,2019-11-22,2024-12-21,660000.0,0
개별(일반),3호선,안국역,28.8,2022-02-21,2027-03-23,909200.0,0
개별(일반),3호선,안국역,18.8,2020-06-22,2025-07-22,1166600.0,0
개별(일반),3호선,안국역,18.8,2020-05-18,2025-06-17,3333500.0,0
개별(일반),3호선,안국역,20.5,2020-10-31,2025-10-31,392000.0,0
개별(일반),3호선,안국역,19.09,2022-06-13,2027-06-13,451800.0,0
공실,3호선,안국역,27.1,,,,2
개별(일반),3호선,안국역,27.57,2021-04-22,2026-05-22,1700000.0,0
개별(일반),3호선,종로3가역,19.5,2020-11-09,2025-12-09,4800000.0,0
복합,3호선,종로3가역,248.9,2022-01-24,2027-05-24,15144378.0,0
네트워크,3호선,종로3가역,11.0,2021-02-01,2026-06-01,2529218.0,0
개별(일반),3호선,종로3가역,21.0,2020-12-31,2026-01-30,3000000.0,0
개별(일반),3호선,종로3가역,47.0,2023-03-16,2028-04-15,18120000.0,0
개별(일반),3호선,종로3가역,40.0,2018-12-25,2024-01-23,7020100.0,0
임대진행,3호선,종로3가역,20.0,,,,4
개별(일반),3호선,종로3가역,20.0,2018-09-07,2023-10-06,7257000.0,0
개별(일반),3호선,종로3가역,15.4,2022-05-13,2027-06-12,6111600.0,0
개별(일반),3호선,을지로3가역,10.2,2020-10-19,2025-11-18,1410000.0,0
개별(일반),3호선,을지로3가역,20.0,2020-06-22,2025-07-22,1900000.0,0
개별(일반),3호선,을지로3가역,26.4,2021-08-30,2026-09-29,4567800.0,0
개별(일반),3호선,동대입구역,17.04,2022-02-15,2027-02-15,1201000.0,0
공실,3호선,동대입구역,16.68,,,,2
개별(일반),3호선,동대입구역,33.46,2019-12-12,2025-01-10,311667.0,0
개별(일반),3호선,동대입구역,33.3,2021-06-04,2026-07-04,300000.0,0
개별(일반),3호선,동대입구역,37.52,2020-11-03,2025-12-03,328100.0,0
개별(일반),3호선,동대입구역,16.8,2021-04-20,2026-04-20,153600.0,0
개별(일반),3호선,동대입구역,33.7,2020-08-13,2025-09-12,1101000.0,0
공실,3호선,동대입구역,17.14,,,,1
개별(일반),3호선,동대입구역,33.37,2019-10-25,2024-11-23,1635700.0,0
네트워크,3호선,약수역,22.32,2020-12-23,2026-03-23,3780596.0,0
네트워크,3호선,약수역,11.57,2017-12-29,2025-02-06,3260820.0,0
네트워크,3호선,금호역,50.3,2020-12-23,2026-03-23,2285262.0,0
개별(일반),3호선,금호역,28.0,2020-11-16,2025-12-16,750000.0,0
개별(일반),3호선,금호역,25.3,2021-08-13,2026-08-13,1675000.0,0
개별(일반),3호선,금호역,18.61,2022-02-15,2027-03-17,808000.0,0
개별(일반),3호선,금호역,21.0,2020-11-09,2025-12-09,1082300.0,0
네트워크,3호선,옥수역,41.64,2020-12-23,2026-03-23,4736736.0,0
개별(대형),3호선,옥수역,555.0,2020-03-23,2025-04-22,13500000.0,0
개별(일반),3호선,옥수역,18.9,2019-06-21,2024-07-20,2010000.0,0
개별(일반),3호선,옥수역,11.6,2022-01-28,2027-02-27,3640000.0,0
개별(일반),3호선,압구정역,37.0,2022-02-03,2027-03-05,7200000.0,0
네트워크,3호선,압구정역,23.76,2020-12-23,2026-03-23,7195687.0,0
네트워크,3호선,압구정역,18.62,2018-11-27,2024-01-25,2392531.0,0
네트워크,3호선,압구정역,12.3,2021-02-01,2026-06-01,1716096.0,0
개별(일반),3호선,압구정역,26.0,2021-04-22,2026-05-22,3371000.0,0
개별(일반),3호선,신사역,25.39,2021-05-25,2026-06-24,5010000.0,0
개별(일반),3호선,신사역,31.3,2022-01-28,2027-02-27,15730000.0,0
개별(일반),3호선,신사역,23.7,2021-06-03,2026-07-03,2533400.0,0
개별(일반),3호선,신사역,23.7,2021-02-01,2026-03-03,2810000.0,0
네트워크,3호선,신사역,23.7,2018-11-16,2024-01-14,3284815.0,0
개별(일반),3호선,신사역,23.7,2019-04-02,2024-05-01,3150000.0,0
개별(일반),3호선,신사역,47.4,2023-02-06,2028-03-08,6880000.0,0
개별(일반),3호선,신사역,23.7,2020-08-20,2025-09-19,2690000.0,0
네트워크,3호선,신사역,23.7,2021-06-03,2026-08-02,1865403.0,0
개별(일반),3호선,신사역,18.2,2021-08-31,2026-09-30,7120000.0,0
개별(일반),3호선,신사역,18.05,2019-12-10,2025-01-08,2520000.0,0
개별(일반),3호선,신사역,17.36,2020-11-26,2026-01-10,1520000.0,0
네트워크,3호선,신사역,16.0,2021-02-01,2026-06-01,2214461.0,0
네트워크,3호선,신사역,29.06,2017-12-29,2025-02-06,6946200.0,0
복합,3호선,고속터미널역,7475.19,2016-03-15,2026-11-09,287922774.0,0
복합,3호선,고속터미널역,,2016-03-15,2026-11-09,,0
복합,3호선,고속터미널역,,2016-03-15,2026-11-09,,0
복합,3호선,고속터미널역,,2016-03-15,2026-11-09,,0
복합,3호선,고속터미널역,,2016-03-15,2026-11-09,,0
복합,3호선,고속터미널역,,2016-03-15,2026-11-09,,0
복합,3호선,고속터미널역,,2016-03-15,2026-11-09,,0
복합,3호선,고속터미널역,,2016-03-15,2026-11-09,,0
복합,3호선,고속터미널역,,2016-03-15,2026-11-09,,0
복합,3호선,고속터미널역,,2016-03-15,2026-11-09,,0
복합,3호선,고속터미널역,,2016-03-15,2026-11-09,,0
복합,3호선,고속터미널역,,2016-03-15,2026-11-09,,0
복합,3호선,고속터미널역,,2016-03-15,2026-11-09,,0
복합,3호선,고속터미널역,,2016-03-15,2026-11-09,,0
복합,3호선,고속터미널역,,2016-03-15,2026-11-09,,0
복합,3호선,고속터미널역,,2016-03-15,2026-11-09,,0
복합,3호선,고속터미널역,,2016-03-15,2026-11-09,,0
복합,3호선,고속터미널역,,2016-03-15,2026-11-09,,0
복합,3호선,고속터미널역,,2016-03-15,2026-11-09,,0
복합,3호선,고속터미널역,,2016-03-15,2026-11-09,,0
복합,3호선,고속터미널역,,2016-03-15,2026-11-09,,0
복합,3호선,고속터미널역,,2016-03-15,2026-11-09,,0
복합,3호선,고속터미널역,,2016-03-15,2026-11-09,,0
복합,3호선,고속터미널역,,2016-03-15,2026-11-09,,0
복합,3호선,고속터미널역,,2016-03-15,2026-11-09,,0
복합,3호선,고속터미널역,,2016-03-15,2026-11-09,,0
복합,3호선,고속터미널역,,2016-03-15,2026-11-09,,0
복합,3호선,고속터미널역,,2016-03-15,2026-11-09,,0
복합,3호선,고속터미널역,,2016-03-15,2026-11-09,,0
복합,3호선,고속터미널역,,2016-03-15,2026-11-09,,0
복합,3호선,고속터미널역,,2016-03-15,2026-11-09,,0
복합,3호선,고속터미널역,,2016-03-15,2026-11-09,,0
복합,3호선,고속터미널역,,2016-03-15,2026-11-09,,0
복합,3호선,고속터미널역,,2016-03-15,2026-11-09,,0
네트워크,3호선,고속터미널역,28.8,2020-12-23,2026-03-23,15587596.0,0
개별(일반),3호선,고속터미널역,33.75,2022-02-21,2027-03-23,22300000.0,0
복합,3호선,고속터미널역,106.63,2021-03-22,2026-07-20,48204012.0,0
복합,3호선,고속터미널역,61.37,2021-03-22,2026-07-20,21472664.0,0
복합,3호선,고속터미널역,20.45,2021-03-22,2026-07-20,9244791.0,0
개별(일반),3호선,교대역,75.3,2019-05-14,2024-06-12,485000.0,0
공실,3호선,교대역,37.7,,,,2
개별(일반),3호선,교대역,37.7,2022-06-07,2027-07-07,994600.0,0
공실,3호선,교대역,37.7,,,,2
개별(대형),3호선,교대역,113.1,2021-08-13,2026-08-13,5376800.0,0
개별(대형),3호선,교대역,146.0,2019-04-30,2024-05-29,515600.0,0
개별(일반),3호선,교대역,111.37,2019-04-02,2024-05-31,3320000.0,0
개별(일반),3호선,교대역,75.4,2019-04-02,2024-05-31,,0
개별(일반),3호선,교대역,37.7,2022-01-28,2027-02-27,1227500.0,0
개별(일반),3호선,교대역,37.7,2023-02-20,2028-03-22,980000.0,0
개별(일반),3호선,교대역,91.4,2019-05-14,2024-06-12,485800.0,0
개별(일반),3호선,양재역,27.2,2018-05-01,2023-05-30,4391600.0,0
네트워크,3호선,양재역,44.88,2018-11-16,2024-01-14,6220358.0,0
네트워크,3호선,양재역,44.98,2018-11-16,2024-01-14,7468400.0,0
개별(일반),3호선,양재역,51.92,2020-12-24,2026-01-23,5250000.0,0
네트워크,3호선,양재역,20.0,2021-02-01,2026-06-01,4866457.0,0
네트워크,3호선,양재역,18.0,2022-12-02,2028-04-01,3173291.0,0
개별(일반),3호선,양재역,40.0,2020-11-06,2025-12-06,4110000.0,0
네트워크,3호선,양재역,21.0,2021-11-22,2027-01-21,2414050.0,0
개별(일반),3호선,매봉역,9.41,2020-09-14,2025-10-29,566600.0,0
개별(일반),3호선,매봉역,26.0,2020-10-19,2025-11-18,2520000.0,0
개별(일반),3호선,매봉역,16.0,2018-10-12,2023-11-10,2421000.0,0
개별(일반),3호선,매봉역,15.77,2021-11-05,2026-12-05,2016600.0,0
개별(일반),3호선,도곡역,23.18,2021-11-09,2026-12-09,2357000.0,0
개별(일반),3호선,도곡역,21.9,2020-02-07,2025-03-07,867500.0,0
개별(일반),3호선,도곡역,25.04,2020-02-07,2025-03-07,991800.0,0
개별(일반),3호선,도곡역,28.2,2019-06-25,2024-07-24,1585000.0,0
개별(일반),3호선,대청역,26.61,2020-02-24,2025-03-25,2516600.0,0
개별(일반),3호선,대청역,23.0,2020-09-17,2025-10-17,1273000.0,0
개별(일반),3호선,일원역,61.48,2022-11-11,2027-12-11,3533300.0,0
개별(일반),3호선,일원역,46.0,2018-08-28,2023-09-26,5280000.0,0
개별(일반),3호선,일원역,51.0,2020-08-31,2025-09-30,3511000.0,0
개별(대형),3호선,일원역,808.0,2018-03-10,2023-04-18,8335000.0,0
개별(일반),3호선,일원역,51.7,2020-10-12,2025-11-11,467500.0,0
개별(일반),3호선,수서역,27.54,2022-02-21,2027-03-23,11100000.0,0
네트워크,3호선,수서역,38.9,2021-06-03,2026-08-02,1681327.0,0
개별(일반),3호선,수서역,20.1,2021-08-13,2026-09-12,5054000.0,0
네트워크,3호선,수서역,20.1,2021-11-22,2027-01-21,947227.0,0
개별(일반),3호선,수서역,21.0,2021-10-21,2026-11-20,9071500.0,0
개별(일반),3호선,수서역,21.0,2017-11-28,2024-12-27,2649500.0,0
개별(일반),3호선,수서역,28.28,2017-11-28,2024-12-27,3030800.0,0
개별(일반),3호선,수서역,24.0,2018-07-10,2023-08-08,7302800.0,0
개별(일반),3호선,수서역,24.0,2018-07-10,2023-08-08,3523300.0,0
개별(일반),3호선,가락시장역,21.0,2021-05-27,2026-06-26,1200000.0,0
개별(일반),3호선,경찰병원역,57.0,2022-01-28,2027-02-27,3520000.0,0
개별(일반),3호선,경찰병원역,37.4,2021-08-12,2026-09-11,3500000.0,0
개별(일반),4호선,당고개역,23.88,2022-04-11,2027-04-11,452000.0,0
공실,4호선,당고개역,21.8,,,,2
개별(일반),4호선,당고개역,56.3,2022-05-10,2027-06-09,500000.0,0
네트워크,4호선,당고개역,28.01,2022-06-20,2027-08-19,1732250.0,0
개별(대형),4호선,당고개역,311.0,2021-02-08,2026-04-09,11007000.0,0
개별(일반),4호선,당고개역,27.84,2020-08-13,2025-09-12,2307000.0,0
개별(일반),4호선,상계역,26.2,2020-11-23,2025-12-23,1418300.0,0
네트워크,4호선,상계역,21.5,2022-09-07,2028-02-04,1595308.0,0
임대진행,4호선,상계역,21.5,,,,4
개별(대형),4호선,상계역,100.0,2018-09-22,2023-10-21,7410300.0,0
네트워크,4호선,상계역,32.16,2023-01-16,2028-05-16,3093386.0,0
개별(일반),4호선,상계역,23.15,2021-09-09,2026-10-09,2720000.0,0
개별(일반),4호선,상계역,25.99,2022-05-13,2027-06-12,1500500.0,0
개별(일반),4호선,상계역,29.11,2022-05-13,2027-06-12,1410100.0,0
개별(일반),4호선,상계역,48.0,2022-05-13,2027-06-12,2310000.0,0
개별(일반),4호선,상계역,59.5,2021-08-13,2026-09-12,2810000.0,0
개별(일반),4호선,노원역,29.9,2020-12-22,2026-01-21,700000.0,0
개별(일반),4호선,노원역,14.91,2020-08-03,2025-09-02,1650000.0,0
개별(일반),4호선,창동역,11.0,2021-01-14,2026-02-13,2510000.0,0
개별(일반),4호선,창동역,23.0,2022-11-02,2027-12-02,8020000.0,0
개별(일반),4호선,창동역,58.5,2020-11-03,2025-11-03,8626000.0,0
네트워크,4호선,쌍문역,20.2,2022-12-02,2028-04-01,2643669.0,0
네트워크,4호선,수유역,13.4,2018-11-16,2024-01-14,1772817.0,0
개별(일반),4호선,수유역,18.67,2020-02-24,2025-03-25,4033000.0,0
개별(일반),4호선,수유역,18.43,2018-05-09,2023-06-07,969000.0,0
네트워크,4호선,수유역,10.4,2018-11-27,2024-01-25,1498848.0,0
네트워크,4호선,수유역,12.0,2021-06-03,2026-08-02,5176243.0,0
네트워크,4호선,수유역,23.0,2022-06-09,2027-06-08,10846008.0,0
네트워크,4호선,수유역,22.42,2023-02-27,2028-05-28,14508336.0,0
네트워크,4호선,미아역,31.6,2022-12-02,2028-04-01,2480675.0,0
공실,4호선,미아역,50.24,,,,1
공실,4호선,미아역,50.24,,,,1
개별(일반),4호선,미아사거리역,44.4,2021-03-15,2026-04-14,7330000.0,0
개별(일반),4호선,미아사거리역,14.8,2021-04-12,2026-05-12,1700000.0,0
개별(일반),4호선,미아사거리역,12.0,2022-10-14,2027-11-13,3001000.0,0
개별(일반),4호선,미아사거리역,20.78,2021-03-15,2026-04-14,6054000.0,0
개별(일반),4호선,미아사거리역,22.56,2018-05-01,2023-05-30,1570500.0,0
개별(일반),4호선,미아사거리역,16.88,2020-12-07,2026-01-21,710000.0,0
개별(일반),4호선,미아사거리역,17.24,2020-08-20,2025-09-19,980000.0,0
개별(일반),4호선,미아사거리역,33.76,2018-09-04,2023-10-03,3666600.0,0
개별(일반),4호선,미아사거리역,17.24,2019-09-23,2024-09-22,1030000.0,0
개별(일반),4호선,미아사거리역,13.22,2019-04-09,2024-05-08,650000.0,0
네트워크,4호선,미아사거리역,17.06,2018-11-16,2024-01-14,1665905.0,0
개별(일반),4호선,미아사거리역,18.66,2021-08-18,2026-09-17,990000.0,0
개별(일반),4호선,미아사거리역,33.94,2022-10-13,2027-11-12,3500000.0,0
개별(일반),4호선,미아사거리역,24.02,2018-09-14,2023-10-13,2200000.0,0
임대진행,4호선,미아사거리역,13.86,,,,3
개별(일반),4호선,미아사거리역,29.03,2022-08-08,2027-09-07,7370000.0,0
네트워크,4호선,미아사거리역,24.0,2021-02-01,2026-06-01,7795261.0,0
개별(일반),4호선,미아사거리역,31.0,2022-01-28,2027-02-27,10521600.0,0
네트워크,4호선,미아사거리역,12.0,2021-11-22,2027-01-21,2165748.0,0
네트워크,4호선,길음역,20.04,2020-12-23,2026-03-23,1948081.0,0
개별(대형),4호선,길음역,100.0,2021-01-11,2026-03-11,5500000.0,0
개별(일반),4호선,성신여대입구역,16.5,2021-06-01,2026-07-01,1356600.0,0
개별(일반),4호선,성신여대입구역,19.7,2019-07-16,2024-08-14,1150000.0,0
개별(일반),4호선,성신여대입구역,32.47,2023-03-06,2028-04-05,4237300.0,0
네트워크,4호선,성신여대입구역,30.8,2022-10-21,2028-02-18,4686896.0,0
개별(일반),4호선,성신여대입구역,21.09,2020-02-19,2025-03-20,2340000.0,0
개별(일반),4호선,성신여대입구역,16.0,2020-11-04,2025-12-04,3181500.0,0
개별(일반),4호선,혜화역,17.46,2021-01-18,2026-02-17,7160000.0,0
개별(일반),4호선,혜화역,20.0,2021-01-04,2026-02-03,5660000.0,0
네트워크,4호선,동대문역,23.0,2023-01-16,2028-05-16,1811085.0,0
네트워크,4호선,동대문역,28.0,2017-12-29,2025-02-06,3068170.0,0
개별(일반),4호선,동대문역,10.0,2021-01-04,2026-02-03,3350000.0,0
개별(일반),4호선,동대문역,24.6,2022-12-22,2028-01-21,6022000.0,0
개별(일반),4호선,동대문역,24.47,2020-10-30,2025-11-29,5222000.0,0
개별(일반),4호선,동대문역,12.5,2021-08-12,2026-09-11,6200000.0,0
공실,4호선,동대문역,20.0,,,,2
공실,4호선,동대문역,40.7,,,,2
공실,4호선,동대문역,40.76,,,,1
공실,4호선,동대문역,40.46,,,,2
공실,4호선,동대문역,19.8,,,,2
개별(일반),4호선,동대문역사문화공원역,16.68,2022-06-16,2027-07-16,1810000.0,0
개별(일반),4호선,동대문역사문화공원역,27.09,2021-12-28,2027-01-27,7333300.0,0
개별(일반),4호선,동대문역사문화공원역,89.0,2021-05-26,2026-06-25,3530000.0,0
네트워크,4호선,동대문역사문화공원역,58.0,2021-11-22,2027-01-21,1933539.0,0
공실,4호선,동대문역사문화공원역,30.0,,,,1
임대진행,4호선,충무로역,18.86,,,,5
네트워크,4호선,충무로역,31.54,2020-12-23,2026-03-23,6921841.0,0
네트워크,4호선,충무로역,21.0,2021-06-03,2026-08-02,3576383.0,0
개별(일반),4호선,충무로역,19.93,2022-11-14,2027-12-14,3280000.0,0
개별(일반),4호선,충무로역,18.2,2019-04-30,2024-05-29,3690000.0,0
개별(대형),4호선,충무로역,147.5,2022-10-17,2028-02-14,1900000.0,0
네트워크,4호선,명동역,26.0,2021-02-01,2026-06-01,9605672.0,0
개별(일반),4호선,회현역,20.3,2019-08-24,2024-09-22,4222000.0,0
개별(일반),4호선,회현역,81.7,2020-02-24,2025-03-25,14430000.0,0
임대진행,4호선,회현역,30.0,,,,4
공실,4호선,숙대입구역,9.8,,,,2
개별(일반),4호선,숙대입구역,24.7,2021-12-10,2027-01-09,2270000.0,0
개별(일반),4호선,신용산역,17.8,2022-06-15,2027-06-15,1700000.0,0
개별(일반),4호선,신용산역,15.5,2021-12-06,2027-01-05,896400.0,0
개별(일반),4호선,신용산역,15.5,2020-10-31,2025-10-31,801000.0,0
개별(일반),4호선,신용산역,15.5,2018-05-09,2023-06-07,631000.0,0
개별(일반),4호선,신용산역,31.0,2020-12-18,2026-01-17,1111200.0,0
네트워크,4호선,신용산역,30.6,2022-10-11,2028-02-08,1760887.0,0
개별(일반),4호선,신용산역,17.5,2022-08-08,2027-09-07,771700.0,0
개별(일반),4호선,신용산역,11.4,2020-11-09,2025-12-09,1170800.0,0
개별(일반),4호선,신용산역,23.76,2020-08-13,2025-09-12,1462800.0,0
개별(일반),4호선,신용산역,16.95,2020-02-24,2025-03-25,3350000.0,0
임대진행,4호선,이촌역,22.0,,,,3
네트워크,4호선,이촌역,19.3,2023-02-17,2025-02-16,1386563.0,0
개별(일반),4호선,동작역,20.0,2022-05-04,2027-05-04,4730000.0,0
개별(일반),4호선,동작역,16.0,2020-11-09,2025-12-09,3570000.0,0
개별(일반),4호선,동작역,10.75,2019-12-21,2025-01-19,1510000.0,0
공실,4호선,총신대입구역,14.8,,,,2
개별(일반),4호선,총신대입구역,31.9,2021-01-04,2026-02-03,1810000.0,0
개별(일반),4호선,총신대입구역,16.3,2020-11-05,2025-12-05,186000.0,0
개별(일반),4호선,총신대입구역,16.3,2020-08-20,2025-09-19,1033300.0,0
개별(일반),4호선,총신대입구역,16.3,2021-12-10,2027-01-09,1606000.0,0
개별(일반),4호선,총신대입구역,16.3,2020-10-19,2025-11-18,1416600.0,0
개별(일반),4호선,총신대입구역,16.3,2020-10-19,2025-11-18,1416600.0,0
개별(일반),4호선,총신대입구역,16.3,2022-07-08,2027-08-07,916600.0,0
임대진행,4호선,총신대입구역,16.3,,,,3
개별(일반),4호선,총신대입구역,31.4,2023-03-06,2028-04-05,5500000.0,0
개별(일반),4호선,총신대입구역,12.63,2020-02-14,2025-03-14,734500.0,0
개별(일반),4호선,총신대입구역,21.0,2021-05-26,2026-06-25,1266600.0,0
공실,4호선,총신대입구역,11.0,,,,2
개별(일반),4호선,총신대입구역,24.0,2020-02-24,2025-03-25,2000800.0,0
네트워크,4호선,총신대입구역,21.4,2023-02-17,2025-02-16,3468097.0,0
네트워크,4호선,총신대입구역,25.06,2020-12-23,2026-03-23,5451432.0,0
개별(일반),4호선,총신대입구역,12.32,2021-01-04,2026-02-03,4444400.0,0
네트워크,4호선,총신대입구역,36.34,2021-06-03,2026-08-02,5493291.0,0
개별(일반),4호선,사당역,62.6,2022-11-03,2027-12-03,10600000.0,0
개별(일반),4호선,사당역,93.0,2020-06-22,2025-07-22,9630000.0,0
임대진행,4호선,사당역,30.2,,,,3
임대진행,4호선,사당역,15.5,,,,3
개별(일반),4호선,사당역,25.8,2021-03-15,2026-04-14,3696600.0,0
개별(일반),4호선,사당역,15.5,2022-12-22,2028-01-21,2620000.0,0
개별(일반),4호선,사당역,33.8,2020-05-19,2025-06-18,5134000.0,0
네트워크,4호선,사당역,31.0,2021-06-03,2026-08-02,2225619.0,0
개별(일반),4호선,사당역,62.0,2021-01-11,2026-02-10,5700000.0,0
공실,4호선,사당역,31.0,,,,2
개별(일반),4호선,사당역,92.1,2022-02-21,2027-03-23,13330000.0,0
개별(일반),4호선,사당역,61.4,2019-06-25,2024-07-24,7110000.0,0
개별(일반),4호선,사당역,30.7,2022-08-08,2027-09-07,4530000.0,0
임대진행,4호선,사당역,30.7,,,,3
개별(일반),4호선,사당역,30.7,2021-02-26,2026-03-28,5110000.0,0
개별(일반),4호선,사당역,30.7,2021-01-04,2026-02-03,3620000.0,0
개별(일반),4호선,사당역,30.7,2021-07-08,2026-08-07,3599900.0,0
공실,4호선,사당역,30.7,,,,1
개별(일반),4호선,사당역,60.0,2020-12-21,2026-01-20,6310000.0,0
개별(대형),4호선,사당역,408.0,2021-04-22,2026-06-21,40100000.0,0
개별(일반),4호선,사당역,22.0,2019-12-21,2025-01-19,4016000.0,0
네트워크,4호선,사당역,88.0,2021-06-03,2026-08-02,14923226.0,0
네트워크,4호선,사당역,29.4,2021-06-03,2026-08-02,5326048.0,0
개별(대형),4호선,사당역,871.4,2019-11-15,2025-03-13,61517300.0,0
네트워크,4호선,사당역,24.8,2018-05-09,2023-07-07,6011148.0,0
네트워크,5호선,방화역,30.0,2018-04-18,2023-06-16,4817020.0,0
네트워크,5호선,방화역,40.53,2022-10-27,2028-02-24,2261169.0,0
임대진행,5호선,방화역,19.65,,,,5
네트워크,5호선,개화산역,30.0,2018-04-18,2023-06-16,4085152.0,0
개별(대형),5호선,김포공항역,103.42,2020-04-20,2025-05-20,968000.0,0
네트워크,5호선,김포공항역,44.39,2021-09-06,2026-11-05,4927776.0,0
네트워크,5호선,김포공항역,49.96,2018-05-09,2023-07-07,5059554.0,0
네트워크,5호선,김포공항역,32.34,2018-04-18,2023-06-16,5515621.0,0
개별(일반),5호선,김포공항역,53.97,2020-04-17,2025-05-17,5940000.0,0
개별(일반),5호선,김포공항역,44.47,2022-06-09,2027-07-09,6140000.0,0
개별(일반),5호선,김포공항역,43.71,2020-08-03,2025-09-02,4130000.0,0
개별(일반),5호선,김포공항역,25.29,2020-12-28,2026-01-27,722400.0,0
개별(일반),5호선,김포공항역,25.29,2020-08-31,2025-09-30,2901000.0,0
개별(일반),5호선,김포공항역,25.58,2020-08-31,2025-09-30,3101000.0,0
개별(일반),5호선,김포공항역,21.53,2020-08-03,2025-09-02,4310000.0,0
네트워크,5호선,김포공항역,53.15,2022-09-06,2028-01-04,613792.0,0
개별(일반),5호선,김포공항역,48.52,2021-03-15,2026-04-14,4210000.0,0
네트워크,5호선,송정역,21.87,2021-02-25,2026-04-26,2414160.0,0
네트워크,5호선,송정역,22.66,2018-05-09,2023-07-07,1582904.0,0
네트워크,5호선,송정역,42.37,2018-04-18,2023-06-16,6689936.0,0
개별(일반),5호선,송정역,70.51,2021-11-25,2026-12-25,2200000.0,0
개별(일반),5호선,송정역,35.67,2020-02-14,2025-03-14,1810000.0,0
개별(일반),5호선,송정역,16.2,2017-10-11,2024-11-09,1053100.0,0
네트워크,5호선,발산역,33.0,2018-04-18,2023-06-16,6711005.0,0
공실,5호선,발산역,30.0,,,,1
공실,5호선,발산역,15.7,,,,2
개별(일반),5호선,발산역,27.14,2022-09-01,2027-10-01,6156100.0,0
개별(일반),5호선,발산역,39.44,2021-05-04,2026-06-03,11030000.0,0
공실,5호선,발산역,27.08,,,,1
네트워크,5호선,우장산역,33.0,2018-04-18,2023-06-16,6729856.0,0
네트워크,5호선,우장산역,23.76,2018-05-12,2023-07-10,2166887.0,0
개별(일반),5호선,우장산역,14.8,2022-12-15,2028-01-14,850000.0,0
개별(일반),5호선,우장산역,44.8,2020-12-28,2026-01-27,1685600.0,0
네트워크,5호선,우장산역,19.84,2018-11-16,2024-01-14,1236200.0,0
개별(일반),5호선,우장산역,19.88,2020-08-03,2025-09-02,2180000.0,0
복합,5호선,화곡역,101.16,2017-05-22,2027-09-19,13475000.0,0
복합,5호선,화곡역,39.17,2017-05-22,2027-09-19,9363200.0,0
복합,5호선,화곡역,,2017-05-22,2027-09-19,,0
네트워크,5호선,화곡역,30.0,2018-04-18,2023-06-16,9956727.0,0
개별(일반),5호선,화곡역,27.0,2020-08-03,2025-09-02,7500000.0,0
네트워크,5호선,화곡역,67.04,2021-09-06,2026-11-05,8296201.0,0
개별(일반),5호선,화곡역,33.77,2020-09-18,2025-10-18,5100000.0,0
복합,5호선,까치산역,27.45,2017-05-22,2027-09-19,7554800.0,0
네트워크,5호선,까치산역,37.82,2018-04-18,2023-06-16,9319115.0,0
개별(일반),5호선,까치산역,30.72,2019-10-08,2024-11-06,8152700.0,0
복합,5호선,까치산역,28.07,2017-05-22,2027-09-19,10223400.0,0
개별(일반),5호선,까치산역,36.85,2020-08-03,2025-09-02,10180000.0,0
개별(일반),5호선,까치산역,21.25,2020-07-30,2025-08-29,6210000.0,0
복합,5호선,까치산역,19.28,2017-05-22,2027-09-19,6383300.0,0
개별(일반),5호선,까치산역,24.15,2020-08-03,2025-09-02,9300000.0,0
복합,5호선,까치산역,19.31,2017-05-22,2027-09-19,5297600.0,0
네트워크,5호선,신정역,24.0,2018-04-18,2023-06-16,4548669.0,0
공실,5호선,신정역,42.71,,,,2
개별(일반),5호선,목동역,23.69,2022-06-09,2027-07-09,2500000.0,0
네트워크,5호선,목동역,31.0,2018-05-09,2023-07-07,3139431.0,0
네트워크,5호선,목동역,30.0,2018-04-18,2023-06-16,7015950.0,0
임대진행,5호선,목동역,22.98,,,,5
개별(일반),5호선,목동역,22.8,2022-06-09,2027-07-09,3750000.0,0
개별(일반),5호선,목동역,26.42,2020-08-03,2025-09-02,4200000.0,0
임대진행,5호선,오목교역,9.01,,,,3
임대진행,5호선,오목교역,14.15,,,,3
임대진행,5호선,오목교역,21.95,,,,3
임대진행,5호선,오목교역,7.61,,,,3
임대진행,5호선,오목교역,89.1,,,,3
임대진행,5호선,오목교역,59.87,,,,3
임대진행,5호선,오목교역,11.64,,,,3
임대진행,5호선,오목교역,116.4,,,,3
임대진행,5호선,오목교역,106.82,,,,3
임대진행,5호선,오목교역,18.24,,,,3
공실,5호선,오목교역,118.84,,,,1
임대진행,5호선,오목교역,8.15,,,,3
임대진행,5호선,오목교역,14.07,,,,3
임대진행,5호선,오목교역,33.1,,,,3
임대진행,5호선,오목교역,16.2,,,,3
임대진행,5호선,오목교역,20.52,,,,3
임대진행,5호선,오목교역,51.85,,,,3
임대진행,5호선,오목교역,52.37,,,,3
임대진행,5호선,오목교역,54.78,,,,3
임대진행,5호선,오목교역,109.56,,,,3
임대진행,5호선,오목교역,127.56,,,,3
임대진행,5호선,오목교역,65.13,,,,3
임대진행,5호선,오목교역,87.78,,,,3
임대진행,5호선,오목교역,78.62,,,,3
임대진행,5호선,오목교역,81.05,,,,3
임대진행,5호선,오목교역,74.86,,,,3
임대진행,5호선,오목교역,53.08,,,,3
임대진행,5호선,오목교역,26.17,,,,3
임대진행,5호선,오목교역,28.49,,,,3
임대진행,5호선,오목교역,28.02,,,,3
임대진행,5호선,오목교역,57.6,,,,3
임대진행,5호선,오목교역,18.24,,,,3
임대진행,5호선,오목교역,27.63,,,,3
임대진행,5호선,오목교역,47.97,,,,3
임대진행,5호선,오목교역,49.0,,,,3
임대진행,5호선,오목교역,27.47,,,,3
임대진행,5호선,오목교역,21.7,,,,3
임대진행,5호선,오목교역,9.7,,,,3
네트워크,5호선,오목교역,43.51,2018-04-18,2023-06-16,12003739.0,0
임대진행,5호선,오목교역,15.16,,,,3
임대진행,5호선,오목교역,22.25,,,,3
임대진행,5호선,오목교역,62.37,,,,3
임대진행,5호선,오목교역,35.8,,,,3
임대진행,5호선,오목교역,36.19,,,,3
임대진행,5호선,오목교역,31.1,,,,3
임대진행,5호선,오목교역,37.9,,,,3
네트워크,5호선,영등포구청역,34.33,2018-04-18,2023-06-16,6300716.0,0
네트워크,5호선,영등포구청역,313.4,2021-05-07,2026-11-03,5779441.0,0
네트워크,5호선,영등포구청역,24.8,2021-09-06,2026-11-05,5518570.0,0
네트워크,5호선,영등포시장역,37.3,2018-04-18,2023-06-16,6361705.0,0
임대진행,5호선,신길역,20.0,,,,5
네트워크,5호선,신길역,40.0,2018-11-27,2024-01-25,3163803.0,0
개별(일반),5호선,신길역,10.0,2018-04-10,2023-05-09,7800000.0,0
공실,5호선,여의도역,47.0,,,,2
네트워크,5호선,여의도역,35.24,2018-04-18,2023-06-16,9929005.0,0
개별(일반),5호선,여의도역,22.04,2019-09-20,2024-10-19,2300000.0,0
네트워크,5호선,여의도역,23.65,2018-11-27,2024-01-25,2792455.0,0
임대진행,5호선,여의도역,23.65,,,,5
공실,5호선,여의도역,19.93,,,,1
네트워크,5호선,여의나루역,33.39,2018-04-18,2023-06-16,6716550.0,0
개별(일반),5호선,여의나루역,34.86,2022-05-12,2027-06-11,2021800.0,0
네트워크,5호선,마포역,29.0,2018-04-18,2023-06-16,5945871.0,0
개별(일반),5호선,마포역,17.43,2021-07-12,2026-08-11,2350000.0,0
개별(일반),5호선,마포역,41.13,2021-02-08,2026-02-07,2960000.0,0
네트워크,5호선,마포역,46.6,2021-09-06,2026-11-05,3861593.0,0
네트워크,5호선,마포역,32.9,2018-05-09,2023-07-07,2552265.0,0
임대진행,5호선,공덕역,70.3,,,,3
개별(대형),5호선,공덕역,295.0,2019-01-10,2024-03-10,18873960.0,0
개별(대형),5호선,공덕역,,2019-01-10,2024-03-10,,0
개별(대형),5호선,공덕역,,2019-01-10,2024-03-10,,0
개별(대형),5호선,공덕역,,2019-01-10,2024-03-10,,0
개별(대형),5호선,공덕역,,2019-01-10,2024-03-10,,0
개별(대형),5호선,공덕역,,2019-01-10,2024-03-10,,0
개별(대형),5호선,공덕역,,2019-01-10,2024-03-10,,0
개별(대형),5호선,공덕역,22.0,2019-01-10,2024-03-10,1126040.0,0
개별(일반),5호선,공덕역,34.5,2019-12-30,2024-12-29,1211600.0,0
네트워크,5호선,공덕역,34.9,2018-04-18,2023-06-16,7008188.0,0
네트워크,5호선,공덕역,30.0,2021-05-07,2026-11-03,1126258.0,0
임대진행,5호선,공덕역,33.71,,,,3
임대진행,5호선,공덕역,37.0,,,,5
임대진행,5호선,공덕역,34.0,,,,5
개별(일반),5호선,공덕역,33.0,2020-02-25,2025-03-26,1500000.0,0
임대진행,5호선,공덕역,32.0,,,,5
개별(일반),5호선,공덕역,32.0,2022-09-01,2027-10-01,1430000.0,0
개별(일반),5호선,공덕역,47.3,2021-07-05,2026-08-04,2517800.0,0
개별(일반),5호선,공덕역,52.0,2022-04-26,2027-05-26,2015000.0,0
개별(일반),5호선,공덕역,41.58,2020-11-13,2025-12-13,2815000.0,0
개별(일반),5호선,공덕역,28.5,2022-09-21,2027-10-21,968000.0,0
네트워크,5호선,공덕역,32.2,2021-05-07,2026-11-03,2801979.0,0
네트워크,5호선,공덕역,32.0,2021-05-07,2026-11-03,,0
네트워크,5호선,공덕역,32.0,2021-05-07,2026-11-03,,0
네트워크,5호선,공덕역,48.5,2021-05-07,2026-11-03,,0
네트워크,5호선,공덕역,28.2,2021-05-07,2026-11-03,,0
개별(일반),5호선,공덕역,28.6,2021-07-23,2026-08-22,1833300.0,0
개별(일반),5호선,공덕역,28.7,2021-07-23,2026-08-22,,0
네트워크,5호선,애오개역,32.2,2018-04-18,2023-06-16,4577500.0,0
개별(일반),5호선,충정로역,42.0,2020-04-16,2025-05-16,550000.0,0
개별(일반),5호선,충정로역,20.0,2021-07-19,2026-08-18,447500.0,0
네트워크,5호선,충정로역,45.0,2018-04-18,2023-06-16,5773993.0,0
개별(일반),5호선,충정로역,36.85,2020-12-31,2026-01-30,552900.0,0
공실,5호선,충정로역,29.01,,,,2
개별(일반),5호선,충정로역,29.01,2022-06-21,2027-07-21,407000.0,0
개별(일반),5호선,서대문역,14.74,2019-04-30,2024-05-29,833000.0,0
개별(일반),5호선,서대문역,8.25,2022-07-08,2027-08-07,375000.0,0
임대진행,5호선,서대문역,10.5,,,,5
네트워크,5호선,서대문역,30.32,2018-04-18,2023-06-16,5124183.0,0
공실,5호선,서대문역,10.5,,,,2
개별(일반),5호선,서대문역,42.95,2018-10-12,2023-11-10,5021000.0,0
개별(일반),5호선,서대문역,11.88,2021-03-15,2026-04-14,3011000.0,0
개별(일반),5호선,서대문역,9.05,2022-10-31,2027-11-30,536000.0,0
임대진행,5호선,서대문역,9.06,,,,5
임대진행,5호선,서대문역,25.79,,,,4
개별(대형),5호선,광화문역,849.0,2020-10-29,2026-02-26,8525000.0,0
네트워크,5호선,광화문역,56.0,2018-04-18,2023-06-16,25342583.0,0
네트워크,5호선,광화문역,10.0,2018-11-16,2024-01-14,1309400.0,0
임대진행,5호선,광화문역,65.34,,,,3
공실,5호선,종로3가역,67.28,,,,2
네트워크,5호선,종로3가역,29.48,2018-04-18,2023-06-16,8575050.0,0
개별(일반),5호선,종로3가역,21.4,2022-10-27,2027-11-26,2583300.0,0
개별(일반),5호선,을지로4가역,29.82,2019-05-08,2024-06-06,302500.0,0
개별(일반),5호선,을지로4가역,16.8,2017-09-16,2024-10-15,1502400.0,0
개별(일반),5호선,을지로4가역,19.6,2018-04-10,2023-05-09,799000.0,0
네트워크,5호선,을지로4가역,34.98,2018-04-18,2023-06-16,5063194.0,0
개별(일반),5호선,을지로4가역,41.45,2019-10-29,2024-11-27,633300.0,0
개별(일반),5호선,을지로4가역,41.45,2019-05-08,2024-06-06,512300.0,0
네트워크,5호선,청구역,47.89,2021-11-22,2027-01-21,2357147.0,0
네트워크,5호선,청구역,30.0,2021-09-06,2026-11-05,3832696.0,0
네트워크,5호선,청구역,46.33,2018-04-18,2023-06-16,5754033.0,0
공실,5호선,청구역,18.0,,,,2
네트워크,5호선,신금호역,39.14,2018-04-18,2023-06-16,5585481.0,0
개별(일반),5호선,신금호역,23.5,2020-12-03,2026-01-02,1239900.0,0
네트워크,5호선,행당역,41.46,2018-04-18,2023-06-16,6615640.0,0
임대진행,5호선,행당역,30.84,,,,5
네트워크,5호선,행당역,39.0,2022-05-02,2027-07-31,780500.0,0
개별(일반),5호선,행당역,46.78,2021-05-10,2026-06-09,2200000.0,0
네트워크,5호선,왕십리역,40.0,2018-04-18,2023-06-16,5167430.0,0
네트워크,5호선,왕십리역,10.3,2022-10-27,2028-02-24,566257.0,0
네트워크,5호선,왕십리역,50.84,2020-12-23,2026-03-23,3968788.0,0
네트워크,5호선,왕십리역,204.0,2021-05-07,2026-11-03,2556015.0,0
임대진행,5호선,왕십리역,53.75,,,,5
공실,5호선,왕십리역,53.7,,,,2
공실,5호선,왕십리역,53.7,,,,1
개별(일반),5호선,왕십리역,55.83,2019-12-18,2025-01-16,3640000.0,0
개별(일반),5호선,왕십리역,50.0,2018-04-21,2023-05-20,516600.0,0
임대진행,5호선,왕십리역,84.48,,,,3
임대진행,5호선,왕십리역,37.0,,,,3
임대진행,5호선,왕십리역,37.0,,,,4
개별(일반),5호선,왕십리역,73.57,2021-05-10,2026-06-09,4030000.0,0
네트워크,5호선,마장역,30.0,2018-04-18,2023-06-16,4361266.0,0
개별(일반),5호선,답십리역,50.0,2020-06-15,2025-07-15,1250000.0,0
개별(일반),5호선,답십리역,61.97,2019-11-12,2024-12-11,421600.0,0
개별(일반),5호선,답십리역,57.89,2020-08-03,2025-09-02,4560000.0,0
개별(일반),5호선,답십리역,25.5,2019-08-24,2024-09-22,1800000.0,0
임대진행,5호선,답십리역,35.8,,,,4
네트워크,5호선,답십리역,40.0,2018-04-18,2023-06-16,8179176.0,0
개별(일반),5호선,답십리역,28.86,2022-01-17,2027-02-16,2200000.0,0
개별(일반),5호선,장한평역,31.9,2021-05-10,2026-06-09,2260000.0,0
네트워크,5호선,장한평역,52.8,2018-04-18,2023-06-16,11054529.0,0
네트워크,5호선,장한평역,29.8,2021-09-06,2026-11-05,4296737.0,0
네트워크,5호선,장한평역,35.62,2022-05-02,2027-07-31,1832700.0,0
네트워크,5호선,장한평역,31.98,2022-09-07,2028-02-04,2046650.0,0
개별(대형),5호선,군자역,90.6,2018-02-22,2023-04-02,7050000.0,0
개별(대형),5호선,군자역,48.0,2018-02-22,2023-04-02,,0
공실,5호선,군자역,32.92,,,,1
개별(일반),5호선,군자역,44.67,2020-02-20,2025-03-21,3600000.0,0
네트워크,5호선,아차산역,19.6,2021-09-06,2026-11-05,3182079.0,0
임대진행,5호선,아차산역,19.6,,,,4
개별(일반),5호선,아차산역,31.21,2020-12-31,2026-01-30,2930000.0,0
네트워크,5호선,아차산역,48.37,2018-05-09,2023-07-07,3556078.0,0
네트워크,5호선,아차산역,28.72,2018-04-18,2023-06-16,5882664.0,0
개별(일반),5호선,아차산역,44.22,2018-12-28,2024-01-26,2833300.0,0
네트워크,5호선,광나루역,53.26,2018-05-09,2023-07-07,3726868.0,0
개별(일반),5호선,광나루역,62.2,2020-09-18,2025-10-18,3063600.0,0
네트워크,5호선,광나루역,45.0,2018-04-18,2023-06-16,8972033.0,0
개별(일반),5호선,광나루역,17.86,2018-10-23,2023-11-21,2150000.0,0
복합,5호선,천호역,210.0,2022-11-05,2027-11-04,28913500.0,0
복합,5호선,천호역,214.67,2022-11-05,2027-11-04,29064529.0,0
복합,5호선,천호역,142.68,2022-11-05,2027-11-04,19317683.0,0
복합,5호선,천호역,142.68,2022-11-05,2027-11-04,19317683.0,0
복합,5호선,천호역,120.19,2022-11-05,2027-11-04,16272724.0,0
복합,5호선,천호역,138.17,2022-11-05,2027-11-04,14806067.0,0
복합,5호선,천호역,,2022-11-05,2027-11-04,,0
공실,5호선,천호역,,,,,1
공실,5호선,천호역,,,,,1
복합,5호선,천호역,38.58,2022-11-05,2027-11-04,5138535.0,0
복합,5호선,천호역,30.65,2022-11-05,2027-11-04,4082325.0,0
복합,5호선,천호역,30.65,2022-11-05,2027-11-04,4082325.0,0
복합,5호선,천호역,23.54,2022-11-05,2027-11-04,3135332.0,0
복합,5호선,천호역,23.54,2022-11-05,2027-11-04,3135332.0,0
복합,5호선,천호역,23.54,2022-11-05,2027-11-04,3135332.0,0
복합,5호선,천호역,47.32,2022-11-05,2027-11-04,6567227.0,0
복합,5호선,천호역,34.15,2022-11-05,2027-11-04,4739451.0,0
복합,5호선,천호역,34.17,2022-11-05,2027-11-04,4742227.0,0
복합,5호선,천호역,66.6,2022-11-05,2027-11-04,7893765.0,0
복합,5호선,천호역,72.11,2022-11-05,2027-11-04,8546838.0,0
복합,5호선,천호역,22.41,2022-11-05,2027-11-04,2656145.0,0
복합,5호선,천호역,23.42,2022-11-05,2027-11-04,2775855.0,0
복합,5호선,천호역,19.59,2022-11-05,2027-11-04,2321905.0,0
복합,5호선,천호역,38.7,2022-11-05,2027-11-04,1309027.0,0
복합,5호선,천호역,23.92,2022-11-05,2027-11-04,3185944.0,0
복합,5호선,천호역,47.55,2022-11-05,2027-11-04,6333264.0,0
복합,5호선,천호역,22.38,2022-11-05,2027-11-04,2069963.0,0
복합,5호선,천호역,56.22,2022-11-05,2027-11-04,5199881.0,0
복합,5호선,천호역,238.24,2022-11-05,2027-11-04,22035215.0,0
개별(일반),5호선,강동역,15.0,2020-03-02,2025-04-01,2842500.0,0
개별(일반),5호선,강동역,15.0,2019-12-20,2025-01-18,2638000.0,0
네트워크,5호선,강동역,57.26,2018-04-18,2023-06-16,10222861.0,0
개별(일반),5호선,강동역,24.44,2020-10-23,2025-11-22,1880000.0,0
소송상가,5호선,강동역,29.58,2016-11-07,2022-02-05,14919520.0,0
소송상가,5호선,강동역,31.58,2016-11-07,2022-02-05,,0
소송상가,5호선,강동역,20.44,2016-11-07,2022-02-05,,0
소송상가,5호선,강동역,96.47,2016-11-07,2022-02-05,,0
소송상가,5호선,강동역,202.41,2016-11-07,2022-02-05,,0
소송상가,5호선,강동역,16.4,2016-11-07,2022-02-05,,0
네트워크,5호선,길동역,31.82,2018-04-18,2023-06-16,5116421.0,0
네트워크,5호선,굽은다리역,30.0,2018-04-18,2023-06-16,5299387.0,0
네트워크,5호선,굽은다리역,14.5,2022-09-07,2028-02-04,242291.0,0
네트워크,5호선,굽은다리역,34.43,2022-05-02,2027-07-31,1521300.0,0
개별(일반),5호선,굽은다리역,34.43,2020-09-18,2025-10-18,2516600.0,0
개별(일반),5호선,굽은다리역,23.0,2018-09-28,2023-10-27,3130000.0,0
네트워크,5호선,명일역,30.0,2018-04-18,2023-06-16,5086480.0,0
개별(일반),5호선,명일역,44.27,2018-10-23,2023-11-21,2300000.0,0
개별(일반),5호선,명일역,25.05,2022-10-31,2027-11-30,894900.0,0
임대진행,5호선,명일역,29.77,,,,3
네트워크,5호선,고덕역,28.62,2018-04-18,2023-06-16,5036580.0,0
개별(일반),5호선,고덕역,42.94,2022-12-15,2028-01-14,5555500.0,0
네트워크,5호선,고덕역,32.66,2022-05-02,2027-07-31,1840800.0,0
네트워크,5호선,상일동역,31.46,2018-04-18,2023-06-16,5759577.0,0
개별(일반),5호선,상일동역,17.85,2019-04-02,2024-05-01,1100000.0,0
개별(일반),5호선,상일동역,17.92,2017-09-16,2024-10-15,1201900.0,0
네트워크,5호선,둔촌동역,29.0,2018-04-18,2023-06-16,5386990.0,0
임대진행,5호선,둔촌동역,28.71,,,,3
개별(일반),5호선,둔촌동역,13.5,2019-12-21,2025-01-19,2065000.0,0
개별(일반),5호선,둔촌동역,31.17,2021-04-07,2026-05-07,3752500.0,0
임대진행,5호선,둔촌동역,49.53,,,,3
네트워크,5호선,올림픽공원역,37.2,2018-04-18,2023-06-16,5832764.0,0
개별(일반),5호선,방이역,19.3,2022-04-28,2027-05-28,1030000.0,0
네트워크,5호선,방이역,36.48,2018-04-18,2023-06-16,5832764.0,0
네트워크,5호선,오금역,27.38,2018-04-18,2023-06-16,3373245.0,0
네트워크,5호선,개롱역,40.0,2018-04-18,2023-06-16,6316240.0,0
네트워크,5호선,거여역,28.98,2018-04-18,2023-06-16,4559758.0,0
네트워크,5호선,마천역,30.0,2018-04-18,2023-06-16,4234853.0,0
네트워크,6호선,응암역,34.64,2021-09-06,2026-11-05,7940972.0,0
임대진행,6호선,응암역,30.0,,,,3
네트워크,6호선,응암역,50.0,2022-12-02,2028-04-01,3959838.0,0
네트워크,6호선,응암역,31.0,2022-08-01,2027-12-29,2214894.0,0
개별(일반),6호선,응암역,15.0,2022-10-25,2027-11-24,1562000.0,0
네트워크,6호선,응암역,38.8,2022-02-03,2027-05-04,12005352.0,0
네트워크,6호선,역촌역,31.5,2022-02-03,2027-05-04,2585123.0,0
네트워크,6호선,역촌역,72.0,2022-12-30,2028-05-29,761426.0,0
네트워크,6호선,역촌역,37.0,2022-12-30,2028-05-29,,0
네트워크,6호선,역촌역,37.0,2022-12-30,2028-05-29,,0
개별(일반),6호선,불광역,43.0,2020-02-24,2025-02-24,495000.0,0
네트워크,6호선,불광역,30.0,2022-02-03,2027-05-04,898305.0,0
네트워크,6호선,독바위역,31.3,2022-02-03,2027-05-04,1839752.0,0
임대진행,6호선,독바위역,85.0,,,,4
네트워크,6호선,연신내역,44.0,2022-02-03,2027-05-04,8734634.0,0
개별(일반),6호선,연신내역,12.0,2020-02-24,2025-03-25,1386900.0,0
네트워크,6호선,연신내역,26.6,2018-05-12,2023-07-10,2500150.0,0
네트워크,6호선,구산역,33.2,2022-02-03,2027-05-04,5228359.0,0
공실,6호선,구산역,30.0,,,,2
임대진행,6호선,구산역,33.0,,,,3
임대진행,6호선,새절역,43.6,,,,3
네트워크,6호선,새절역,25.0,2022-02-03,2027-05-04,6460036.0,0
개별(일반),6호선,새절역,30.14,2021-03-18,2026-04-17,3780000.0,0
개별(일반),6호선,새절역,26.0,2018-10-23,2023-11-21,3595400.0,0
네트워크,6호선,증산역,28.0,2022-02-03,2027-05-04,5775771.0,0
개별(일반),6호선,증산역,31.0,2020-07-13,2025-08-12,3154000.0,0
네트워크,6호선,증산역,37.0,2022-09-07,2028-02-04,1758781.0,0
네트워크,6호선,증산역,29.0,2022-08-01,2027-12-29,1414221.0,0
공실,6호선,증산역,48.0,,,,2
개별(일반),6호선,디지털미디어시티역,95.86,2016-10-20,2027-01-18,3882000.0,0
개별(대형),6호선,디지털미디어시티역,212.39,2016-10-21,2027-01-19,4970000.0,0
네트워크,6호선,디지털미디어시티역,31.64,2018-05-09,2023-07-07,2608636.0,0
네트워크,6호선,디지털미디어시티역,33.0,2022-02-03,2027-05-04,4574703.0,0
공실,6호선,디지털미디어시티역,30.0,,,,2
공실,6호선,디지털미디어시티역,110.0,,,,1
임대진행,6호선,디지털미디어시티역,40.0,,,,4
임대진행,6호선,디지털미디어시티역,30.0,,,,4
임대진행,6호선,디지털미디어시티역,81.0,,,,4
네트워크,6호선,디지털미디어시티역,33.0,2022-08-01,2027-12-29,1684136.0,0
네트워크,6호선,월드컵경기장역,43.0,2022-02-03,2027-05-04,2765893.0,0
네트워크,6호선,마포구청역,39.0,2022-02-03,2027-05-04,6487761.0,0
임대진행,6호선,마포구청역,32.58,,,,5
개별(일반),6호선,마포구청역,73.0,2022-03-11,2027-04-10,508200.0,0
공실,6호선,마포구청역,40.0,,,,1
네트워크,6호선,마포구청역,51.0,2022-08-01,2027-12-29,1793009.0,0
개별(일반),6호선,마포구청역,44.0,,,,0
네트워크,6호선,망원역,28.0,2022-02-03,2027-05-04,5682613.0,0
개별(일반),6호선,망원역,45.17,2021-11-17,2026-12-17,2120000.0,0
네트워크,6호선,망원역,29.0,2022-08-01,2027-12-29,1052443.0,0
임대진행,6호선,망원역,50.0,,,,4
네트워크,6호선,망원역,39.0,2023-02-27,2028-05-28,3545670.0,0
개별(일반),6호선,합정역,28.51,2021-03-15,2026-04-14,4033300.0,0
네트워크,6호선,합정역,37.67,2018-05-12,2023-07-10,4586462.0,0
네트워크,6호선,합정역,45.0,2022-02-03,2027-05-04,14622415.0,0
개별(일반),6호선,합정역,58.0,2020-07-15,2025-08-14,8034000.0,0
개별(일반),6호선,합정역,42.41,2021-07-01,2026-07-31,4365000.0,0
복합,6호선,합정역,50.0,2022-08-11,2028-01-08,3442973.0,0
복합,6호선,합정역,60.0,2022-08-11,2028-01-08,6045087.0,0
복합,6호선,합정역,75.0,2022-08-11,2028-01-08,5170140.0,0
개별(일반),6호선,합정역,11.7,2021-07-09,2026-08-08,4500000.0,0
소송상가,6호선,합정역,42.2,2017-02-22,2022-05-23,8057669.0,0
개별(일반),6호선,합정역,15.8,2022-04-28,2027-05-28,12570000.0,0
개별(일반),6호선,합정역,33.2,2021-07-09,2026-08-08,13000000.0,0
소송상가,6호선,합정역,90.4,2017-02-22,2022-05-23,14505111.0,0
소송상가,6호선,합정역,12.6,2017-02-22,2022-05-23,1986274.0,0
네트워크,6호선,합정역,22.54,2018-11-27,2024-01-25,2778807.0,0
네트워크,6호선,합정역,33.9,2022-12-16,2028-04-15,2942357.0,0
임대진행,6호선,상수역,66.0,,,,3
네트워크,6호선,상수역,35.0,2022-02-03,2027-05-04,7569055.0,0
임대진행,6호선,상수역,29.0,,,,3
임대진행,6호선,상수역,38.0,,,,5
개별(일반),6호선,상수역,41.0,2022-12-15,2028-01-14,2900000.0,0
네트워크,6호선,광흥창역,40.0,2022-02-03,2027-05-04,3992468.0,0
공실,6호선,광흥창역,25.0,,,,2
공실,6호선,광흥창역,32.0,,,,1
공실,6호선,광흥창역,187.0,,,,1
공실,6호선,광흥창역,66.0,,,,1
네트워크,6호선,대흥역,45.0,2022-02-03,2027-05-04,7186443.0,0
개별(일반),6호선,대흥역,43.67,2019-11-19,2024-12-18,2870000.0,0
공실,6호선,대흥역,23.0,,,,2
개별(일반),6호선,공덕역,36.0,,,,0
개별(일반),6호선,공덕역,37.0,2020-02-24,2025-03-25,6671100.0,0
개별(일반),6호선,공덕역,32.0,2021-03-13,2026-03-12,2770000.0,0
개별(일반),6호선,공덕역,27.0,2022-06-09,2027-07-09,4120000.0,0
개별(일반),6호선,공덕역,24.0,2018-06-22,2023-07-21,7500000.0,0
네트워크,6호선,공덕역,39.4,2022-02-03,2027-05-04,12977518.0,0
임대진행,6호선,공덕역,30.0,,,,3
공실,6호선,공덕역,22.0,,,,2
개별(일반),6호선,공덕역,32.0,2020-07-16,2025-08-15,6880000.0,0
네트워크,6호선,공덕역,48.0,2022-07-18,2027-10-16,6758939.0,0
개별(대형),6호선,공덕역,165.0,2021-07-12,2026-07-12,23540000.0,0
소송상가,6호선,공덕역,112.0,2017-02-22,2022-05-23,10835534.0,0
개별(일반),6호선,공덕역,13.6,2022-08-30,2027-09-29,1300000.0,0
네트워크,6호선,공덕역,52.0,2022-12-02,2028-04-01,3299865.0,0
네트워크,6호선,효창공원앞역,43.0,2022-02-03,2027-05-04,6485543.0,0
공실,6호선,효창공원앞역,33.0,,,,2
개별(일반),6호선,효창공원앞역,31.0,2020-07-06,2025-08-05,2583300.0,0
공실,6호선,효창공원앞역,33.0,,,,2
네트워크,6호선,효창공원앞역,31.0,2022-08-01,2027-12-29,984397.0,0
임대진행,6호선,효창공원앞역,63.0,,,,5
개별(일반),6호선,삼각지역,258.2,2020-06-26,2025-06-25,1882000.0,0
네트워크,6호선,삼각지역,31.8,2022-02-03,2027-05-04,4937353.0,0
임대진행,6호선,삼각지역,46.0,,,,5
개별(일반),6호선,삼각지역,40.0,2022-04-28,2027-05-28,2952000.0,0
네트워크,6호선,녹사평역,40.0,2022-02-03,2027-05-04,6254867.0,0
네트워크,6호선,이태원역,25.0,2022-02-03,2027-05-04,8483995.0,0
공실,6호선,이태원역,19.0,,,,2
네트워크,6호선,이태원역,34.0,2022-08-01,2027-12-29,3123307.0,0
네트워크,6호선,한강진역,40.0,2022-02-03,2027-05-04,6033063.0,0
임대진행,6호선,한강진역,64.0,,,,3
개별(일반),6호선,한강진역,62.0,2020-07-06,2025-08-05,2133300.0,0
네트워크,6호선,한강진역,64.0,2022-08-01,2027-12-29,1524228.0,0
임대진행,6호선,버티고개역,26.0,,,,5
네트워크,6호선,약수역,77.0,2022-02-03,2027-05-04,7685502.0,0
네트워크,6호선,신당역,40.0,2022-02-03,2027-05-04,5456374.0,0
공실,6호선,신당역,73.0,,,,1
임대진행,6호선,신당역,30.0,,,,5
네트워크,6호선,신당역,26.0,2022-08-30,2028-01-27,651324.0,0
개별(일반),6호선,신당역,34.1,2022-12-15,2028-01-14,3234800.0,0
네트워크,6호선,신당역,142.14,2018-05-12,2023-07-10,8994730.0,0
개별(일반),6호선,신당역,30.0,2020-01-10,2025-02-08,1985000.0,0
네트워크,6호선,동묘앞역,48.0,2022-02-03,2027-05-04,5163592.0,0
임대진행,6호선,동묘앞역,26.0,,,,5
임대진행,6호선,동묘앞역,30.0,,,,5
네트워크,6호선,동묘앞역,43.0,2022-08-01,2027-12-29,1267922.0,0
네트워크,6호선,창신역,28.0,2022-02-03,2027-05-04,1956310.0,0
개별(일반),6호선,보문역,14.1,2018-11-20,2023-12-19,825000.0,0
네트워크,6호선,보문역,35.0,2022-02-03,2027-05-04,5162483.0,0
개별(일반),6호선,보문역,24.0,2022-12-15,2028-01-14,1500000.0,0
네트워크,6호선,보문역,36.0,2022-08-01,2027-12-29,979861.0,0
개별(일반),6호선,안암역,31.0,2023-01-25,2028-02-24,2750000.0,0
개별(일반),6호선,안암역,31.0,2023-01-25,2028-02-24,4510000.0,0
개별(일반),6호선,안암역,17.0,2023-01-25,2028-02-24,1850000.0,0
네트워크,6호선,안암역,42.2,2022-02-03,2027-05-04,10717338.0,0
네트워크,6호선,안암역,40.99,2022-08-01,2027-12-29,2417302.0,0
임대진행,6호선,안암역,27.0,,,,5
네트워크,6호선,고려대역,35.0,2022-02-03,2027-05-04,7763133.0,0
네트워크,6호선,고려대역,38.4,2022-10-27,2028-02-24,1080094.0,0
네트워크,6호선,고려대역,63.0,2022-09-06,2028-01-04,1660862.0,0
네트워크,6호선,고려대역,37.0,2022-09-06,2028-01-04,,0
네트워크,6호선,고려대역,25.0,2022-09-06,2028-01-04,,0
네트워크,6호선,월곡역,35.0,2022-02-03,2027-05-04,8190105.0,0
임대진행,6호선,월곡역,27.0,,,,5
임대진행,6호선,월곡역,30.0,,,,4
개별(일반),6호선,월곡역,31.83,2018-11-27,2023-12-26,1050000.0,0
임대진행,6호선,월곡역,16.0,,,,5
네트워크,6호선,월곡역,58.0,2022-08-01,2027-12-29,1315554.0,0
네트워크,6호선,상월곡역,38.4,2022-02-03,2027-05-04,3108802.0,0
임대진행,6호선,상월곡역,95.0,,,,4
네트워크,6호선,돌곶이역,37.8,2022-02-03,2027-05-04,6371979.0,0
네트워크,6호선,돌곶이역,53.0,2022-12-16,2028-04-15,1681541.0,0
개별(일반),6호선,돌곶이역,30.0,2022-08-30,2027-09-29,1600000.0,0
개별(일반),6호선,돌곶이역,41.0,2020-07-24,2025-08-23,3270000.0,0
네트워크,6호선,돌곶이역,22.0,2022-09-07,2028-02-04,988952.0,0
개별(일반),6호선,돌곶이역,15.0,2022-08-30,2027-09-29,700000.0,0
개별(일반),6호선,돌곶이역,37.0,2022-10-31,2027-11-30,719300.0,0
개별(일반),6호선,석계역,72.0,2022-10-31,2027-11-30,1710000.0,0
공실,6호선,석계역,17.0,,,,2
공실,6호선,석계역,17.0,,,,2
공실,6호선,석계역,29.0,,,,2
네트워크,6호선,석계역,25.7,2021-09-06,2026-11-05,6595610.0,0
네트워크,6호선,석계역,58.0,2022-02-03,2027-05-04,11771128.0,0
공실,6호선,석계역,30.0,,,,2
공실,6호선,석계역,33.0,,,,2
네트워크,6호선,석계역,33.0,2022-09-07,2028-02-04,2678170.0,0
공실,6호선,석계역,82.0,,,,1
개별(일반),6호선,태릉입구역,31.5,2019-10-29,2024-11-27,1290000.0,0
개별(일반),6호선,태릉입구역,40.0,2019-11-12,2024-12-11,1680000.0,0
개별(일반),6호선,태릉입구역,36.0,2021-01-15,2026-03-01,729000.0,0
네트워크,6호선,태릉입구역,39.0,2022-10-27,2028-02-24,906588.0,0
네트워크,6호선,태릉입구역,78.0,2022-10-11,2028-02-08,2368090.0,0
네트워크,6호선,태릉입구역,38.0,2023-01-16,2028-05-16,1890402.0,0
개별(일반),6호선,태릉입구역,33.0,2020-07-23,2025-08-22,1483300.0,0
네트워크,6호선,태릉입구역,27.27,2018-05-12,2023-07-10,2212067.0,0
개별(일반),7호선,태릉입구역,59.0,2018-02-23,2023-03-24,8630000.0,0
개별(일반),7호선,태릉입구역,59.0,2018-02-23,2023-03-24,8630000.0,0
네트워크,6호선,화랑대역,30.0,2022-02-03,2027-05-04,5423103.0,0
임대진행,6호선,화랑대역,34.6,,,,3
개별(일반),6호선,화랑대역,32.0,2019-09-23,2024-09-22,1130000.0,0
공실,6호선,화랑대역,50.0,,,,2
공실,6호선,화랑대역,30.0,,,,2
개별(일반),6호선,화랑대역,28.0,2020-07-06,2025-08-05,4014800.0,0
네트워크,6호선,화랑대역,35.0,2022-09-07,2028-02-04,892723.0,0
네트워크,6호선,봉화산역,47.0,2022-02-03,2027-05-04,5003894.0,0
공실,6호선,봉화산역,87.0,,,,2
공실,6호선,봉화산역,33.0,,,,1
개별(일반),6호선,봉화산역,27.0,2020-07-06,2025-08-05,1130000.0,0
개별(일반),7호선,도봉산역,36.0,2022-11-14,2027-12-14,1310000.0,0
개별(일반),7호선,도봉산역,44.0,2020-07-24,2025-08-23,1110000.0,0
개별(일반),7호선,도봉산역,38.0,2020-07-02,2025-08-01,1083300.0,0
개별(대형),7호선,수락산역,47.43,2019-05-08,2024-10-11,163900.0,0
개별(일반),7호선,수락산역,40.08,2019-12-21,2025-01-19,1150000.0,0
네트워크,7호선,수락산역,37.88,2020-02-13,2025-04-12,8858850.0,0
개별(일반),7호선,수락산역,56.48,2019-10-29,2024-11-27,1670000.0,0
공실,7호선,수락산역,44.0,,,,1
공실,7호선,수락산역,43.0,,,,1
공실,7호선,수락산역,44.0,,,,1
개별(일반),7호선,수락산역,58.0,2020-07-02,2025-08-01,1767700.0,0
개별(일반),7호선,마들역,33.0,2020-05-29,2025-06-28,466600.0,0
개별(일반),7호선,마들역,33.0,2019-10-29,2024-11-27,500000.0,0
개별(일반),7호선,마들역,33.0,2020-03-02,2025-05-01,2466000.0,0
개별(일반),7호선,마들역,33.0,2020-03-02,2025-05-01,,0
개별(일반),7호선,마들역,33.0,2020-03-02,2025-05-01,,0
개별(일반),7호선,마들역,33.0,2020-06-15,2025-07-15,500000.0,0
공실,7호선,마들역,33.0,,,,2
네트워크,7호선,마들역,33.11,2020-02-13,2025-04-12,6137560.0,0
네트워크,7호선,마들역,230.7,2021-05-07,2026-11-03,2120183.0,0
개별(일반),7호선,마들역,33.0,2020-03-02,2025-05-01,,0
개별(일반),7호선,마들역,33.0,2020-03-02,2025-05-01,,0
개별(일반),7호선,마들역,45.0,2020-03-02,2025-05-01,,0
개별(일반),7호선,마들역,35.0,2020-03-02,2025-05-01,,0
개별(일반),7호선,마들역,35.0,2020-03-02,2025-05-01,,0
개별(일반),7호선,마들역,36.0,2020-03-02,2025-05-01,,0
개별(일반),7호선,마들역,31.0,2020-03-02,2025-05-01,,0
개별(일반),7호선,마들역,45.0,2022-08-29,2027-09-28,1700000.0,0
개별(일반),7호선,마들역,45.0,2021-11-23,2026-12-23,1401600.0,0
공실,7호선,마들역,20.0,,,,2
복합,7호선,노원역,36.4,2016-07-08,2026-11-06,1753992.0,0
복합,7호선,노원역,29.0,2016-07-08,2026-11-06,1397411.0,0
복합,7호선,노원역,29.0,2016-07-08,2026-11-06,1397411.0,0
복합,7호선,노원역,51.0,2016-07-08,2026-11-06,2340492.0,0
복합,7호선,노원역,24.0,2016-07-08,2026-11-06,1156478.0,0
복합,7호선,노원역,28.3,2016-07-08,2026-11-06,1363681.0,0
복합,7호선,노원역,32.5,2016-07-08,2026-11-06,1566065.0,0
복합,7호선,노원역,33.6,2016-07-08,2026-11-06,1619070.0,0
복합,7호선,노원역,33.6,2016-07-08,2026-11-06,1619070.0,0
복합,7호선,노원역,33.6,2016-07-08,2026-11-06,1619070.0,0
복합,7호선,노원역,33.6,2016-07-08,2026-11-06,1619070.0,0
복합,7호선,노원역,33.6,2016-07-08,2026-11-06,1619070.0,0
복합,7호선,노원역,41.0,2016-07-08,2026-11-06,1975651.0,0
복합,7호선,노원역,18.0,2016-07-08,2026-11-06,2065160.0,0
네트워크,7호선,노원역,55.15,2020-02-13,2025-04-12,19781190.0,0
복합,7호선,노원역,45.0,2016-07-08,2026-11-06,2323283.0,0
복합,7호선,노원역,33.0,2016-07-08,2026-11-06,1703740.0,0
개별(일반),7호선,노원역,17.0,2020-07-02,2025-08-01,2560000.0,0
개별(일반),7호선,노원역,24.0,2020-06-29,2025-07-29,2510000.0,0
개별(일반),7호선,노원역,40.0,2022-11-14,2027-12-14,1810000.0,0
개별(일반),7호선,노원역,37.0,2022-11-14,2027-12-14,1610000.0,0
개별(일반),7호선,노원역,52.0,2020-02-01,2025-01-31,599400.0,0
네트워크,7호선,중계역,30.6,2022-09-07,2028-02-04,851449.0,0
개별(대형),7호선,중계역,105.6,2019-09-23,2024-09-22,4560000.0,0
공실,7호선,중계역,17.0,,,,1
네트워크,7호선,중계역,32.91,2020-02-13,2025-04-12,8936070.0,0
개별(일반),7호선,중계역,34.0,2022-11-14,2027-12-14,1740000.0,0
네트워크,7호선,중계역,41.0,2022-08-01,2027-12-29,929961.0,0
공실,7호선,중계역,50.0,,,,1
개별(일반),7호선,하계역,55.01,2019-12-18,2024-12-17,7260000.0,0
네트워크,7호선,하계역,40.8,2020-02-13,2025-04-12,14478750.0,0
개별(일반),7호선,하계역,36.57,2019-10-08,2024-11-06,4310000.0,0
임대진행,7호선,하계역,65.0,,,,5
네트워크,7호선,하계역,32.0,2022-08-30,2028-01-27,906839.0,0
임대진행,7호선,하계역,32.0,,,,5
개별(일반),7호선,하계역,26.0,2020-07-01,2025-07-31,2250000.0,0
개별(일반),7호선,하계역,70.0,2020-06-30,2025-07-30,4770000.0,0
네트워크,7호선,하계역,33.0,2022-08-01,2027-12-29,898206.0,0
네트워크,7호선,공릉역,29.88,2018-05-09,2023-07-07,1767769.0,0
네트워크,7호선,공릉역,28.91,2020-02-13,2025-04-12,7699120.0,0
개별(일반),7호선,공릉역,29.42,2019-10-05,2024-11-03,3230000.0,0
개별(일반),7호선,공릉역,30.0,2020-07-01,2025-07-31,2300000.0,0
개별(일반),7호선,공릉역,50.0,2020-07-01,2025-07-31,3600000.0,0
임대진행,7호선,공릉역,40.0,,,,3
네트워크,7호선,태릉입구역,37.14,2020-02-13,2025-04-12,9603880.0,0
공실,7호선,태릉입구역,33.0,,,,1
네트워크,7호선,태릉입구역,31.0,2022-08-30,2028-01-27,718035.0,0
공실,7호선,태릉입구역,33.0,,,,2
네트워크,7호선,태릉입구역,50.0,2022-08-01,2027-12-29,1020689.0,0
네트워크,7호선,태릉입구역,40.0,2022-10-11,2028-02-08,1150489.0,0
개별(일반),7호선,태릉입구역,45.0,2020-07-23,2025-08-22,2033300.0,0
개별(일반),7호선,먹골역,48.0,2022-11-14,2027-12-14,1420000.0,0
네트워크,7호선,먹골역,34.0,2022-08-30,2028-01-27,814212.0,0
네트워크,7호선,먹골역,24.38,2020-02-13,2025-04-12,6181890.0,0
임대진행,7호선,먹골역,58.0,,,,5
임대진행,7호선,먹골역,57.0,,,,5
개별(일반),7호선,먹골역,35.0,2022-11-14,2027-12-14,1260000.0,0
개별(일반),7호선,먹골역,35.0,2022-11-14,2027-12-14,1200000.0,0
네트워크,7호선,중화역,29.7,2020-02-13,2025-04-12,7671950.0,0
개별(일반),7호선,중화역,39.02,2020-03-12,2025-04-11,3560000.0,0
복합,7호선,중화역,28.43,2022-06-19,2027-06-18,1188000.0,0
복합,7호선,중화역,39.57,2022-06-19,2027-06-18,1610400.0,0
복합,7호선,중화역,37.38,2022-06-19,2027-06-18,1521300.0,0
복합,7호선,중화역,95.23,2022-06-19,2027-06-18,3560700.0,0
개별(일반),7호선,중화역,30.0,2020-04-17,2025-05-17,2789300.0,0
공실,7호선,중화역,44.0,,,,2
임대진행,7호선,중화역,50.0,,,,3
네트워크,7호선,중화역,18.0,2022-08-30,2028-01-27,855144.0,0
개별(일반),7호선,중화역,45.0,2023-03-13,2028-04-12,1350000.0,0
공실,7호선,중화역,70.0,,,,2
공실,7호선,중화역,50.0,,,,2
네트워크,7호선,상봉역,60.0,2022-10-11,2028-02-08,3451467.0,0
개별(일반),7호선,상봉역,43.09,2018-09-28,2023-11-26,4246900.0,0
네트워크,7호선,상봉역,45.48,2020-02-13,2025-04-12,13788060.0,0
네트워크,7호선,상봉역,74.0,2022-10-21,2028-02-18,3055501.0,0
공실,7호선,상봉역,53.0,,,,1
공실,7호선,상봉역,52.0,,,,2
개별(일반),7호선,상봉역,78.0,2023-03-10,2028-04-09,2100000.0,0
네트워크,7호선,면목역,29.0,2018-05-09,2023-07-07,2132026.0,0
네트워크,7호선,면목역,36.08,2020-02-13,2025-04-12,10569130.0,0
개별(일반),7호선,면목역,32.0,2020-06-08,2025-07-08,4500000.0,0
개별(일반),7호선,면목역,16.8,2019-09-20,2024-10-19,1850000.0,0
공실,7호선,면목역,24.0,,,,1
공실,7호선,면목역,78.0,,,,1
임대진행,7호선,면목역,52.0,,,,3
임대진행,7호선,면목역,53.0,,,,3
임대진행,7호선,면목역,107.0,,,,3
공실,7호선,면목역,45.0,,,,2
개별(일반),7호선,면목역,64.0,2019-09-23,2024-09-22,4500300.0,0
복합,7호선,면목역,45.56,2022-06-19,2027-06-18,2154900.0,0
복합,7호선,면목역,55.05,2022-06-19,2027-06-18,2543200.0,0
복합,7호선,면목역,16.93,2022-06-19,2027-06-18,837100.0,0
복합,7호선,면목역,16.68,2022-06-19,2027-06-18,825000.0,0
네트워크,7호선,사가정역,58.0,2022-12-30,2028-05-29,2600679.0,0
네트워크,7호선,사가정역,112.0,2022-12-30,2028-05-29,,0
네트워크,7호선,사가정역,46.0,2022-12-30,2028-05-29,,0
개별(일반),7호선,사가정역,21.9,2019-05-21,2024-06-19,233500.0,0
네트워크,7호선,사가정역,32.21,2020-02-13,2025-04-12,11204050.0,0
복합,7호선,사가정역,26.03,2022-06-19,2027-06-18,1259500.0,0
복합,7호선,사가정역,25.64,2022-06-19,2027-06-18,1240800.0,0
복합,7호선,사가정역,106.54,2022-06-19,2027-06-18,4452800.0,0
복합,7호선,사가정역,41.82,2022-06-19,2027-06-18,1977800.0,0
복합,7호선,사가정역,35.13,2022-06-19,2027-06-18,1699500.0,0
네트워크,7호선,사가정역,93.0,2022-07-18,2027-10-16,9090023.0,0
네트워크,7호선,용마산역,28.8,2020-02-13,2025-04-12,5070780.0,0
임대진행,7호선,용마산역,66.0,,,,3
개별(일반),7호선,용마산역,36.0,2020-11-18,2025-12-18,1382400.0,0
개별(일반),7호선,용마산역,35.0,2020-11-18,2025-12-18,,0
개별(일반),7호선,용마산역,55.0,2023-03-03,2028-04-02,1500000.0,0
네트워크,7호선,용마산역,55.0,2022-08-01,2027-12-29,1309883.0,0
개별(일반),7호선,용마산역,58.0,2020-11-18,2025-12-18,,0
네트워크,7호선,중곡역,35.16,2020-02-13,2025-04-12,5995990.0,0
개별(일반),7호선,중곡역,46.99,2020-10-23,2025-11-22,2500300.0,0
임대진행,7호선,중곡역,46.0,,,,3
공실,7호선,중곡역,14.0,,,,2
네트워크,7호선,군자역,54.82,2020-02-13,2025-04-12,14890590.0,0
개별(일반),7호선,군자역,43.0,2021-11-25,2026-12-25,3180000.0,0
임대진행,7호선,군자역,50.0,,,,3
공실,7호선,군자역,55.0,,,,2
네트워크,7호선,군자역,33.9,2018-05-12,2023-07-10,2618429.0,0
네트워크,7호선,군자역,86.95,2018-05-09,2023-07-07,3196209.0,0
네트워크,7호선,군자역,32.7,2022-12-02,2028-04-01,4179829.0,0
네트워크,7호선,군자역,20.0,2021-02-25,2026-04-26,4336640.0,0
네트워크,7호선,군자역,24.24,2022-10-11,2028-02-08,4724994.0,0
공실,7호선,군자역,23.5,,,,1
네트워크,7호선,군자역,31.0,2022-10-27,2028-02-24,4575943.0,0
네트워크,7호선,군자역,27.0,2022-10-11,2028-02-08,6644073.0,0
네트워크,7호선,어린이대공원역,35.6,2020-02-13,2025-04-12,12632620.0,0
임대진행,7호선,어린이대공원역,18.48,,,,4
임대진행,7호선,어린이대공원역,34.61,,,,4
임대진행,7호선,어린이대공원역,70.0,,,,4
임대진행,7호선,어린이대공원역,60.0,,,,4
임대진행,7호선,어린이대공원역,37.0,,,,4
임대진행,7호선,어린이대공원역,37.0,,,,4
임대진행,7호선,어린이대공원역,56.0,,,,4
임대진행,7호선,어린이대공원역,46.0,,,,4
임대진행,7호선,어린이대공원역,30.0,,,,4
임대진행,7호선,어린이대공원역,22.0,,,,4
개별(대형),7호선,건대입구역,867.64,2020-09-15,2025-09-14,18989000.0,0
개별(일반),7호선,건대입구역,76.0,2020-01-09,2025-02-07,25650000.0,0
네트워크,7호선,건대입구역,37.36,2020-02-13,2025-04-12,13409110.0,0
개별(일반),7호선,건대입구역,75.0,,,,0
임대진행,7호선,건대입구역,30.0,,,,4
임대진행,7호선,건대입구역,29.0,,,,4
네트워크,7호선,건대입구역,26.0,2022-10-21,2028-02-18,2058651.0,0
네트워크,7호선,건대입구역,32.0,2022-12-02,2028-04-01,2419901.0,0
네트워크,7호선,뚝섬유원지역,29.89,2020-02-13,2025-04-12,5262400.0,0
공실,7호선,청담역,69.7,,,,1
네트워크,7호선,청담역,65.36,2021-02-25,2026-04-26,3417040.0,0
개별(일반),7호선,청담역,37.11,2021-03-18,2026-04-17,1500200.0,0
네트워크,7호선,청담역,52.34,2020-02-13,2025-04-12,16639480.0,0
개별(일반),7호선,청담역,35.2,2019-09-23,2024-09-22,1301600.0,0
공실,7호선,청담역,101.37,,,,1
공실,7호선,청담역,25.0,,,,1
공실,7호선,청담역,43.0,,,,1
네트워크,7호선,청담역,55.0,2022-08-01,2027-12-29,3305896.0,0
네트워크,7호선,청담역,35.0,2022-10-21,2028-02-18,1775339.0,0
네트워크,7호선,청담역,43.0,2022-08-01,2027-12-29,1999415.0,0
공실,7호선,청담역,99.0,,,,1
공실,7호선,청담역,25.0,,,,1
네트워크,7호선,강남구청역,63.8,2020-02-13,2025-04-12,16140410.0,0
개별(대형),7호선,강남구청역,355.7,2019-04-22,2026-09-23,4901000.0,0
복합,7호선,강남구청역,472.0,2021-06-14,2026-09-12,16671500.0,0
복합,7호선,강남구청역,,2021-06-14,2026-09-12,,0
복합,7호선,강남구청역,,2021-06-14,2026-09-12,,0
복합,7호선,강남구청역,,2021-06-14,2026-09-12,,0
복합,7호선,강남구청역,,2021-06-14,2026-09-12,,0
복합,7호선,강남구청역,,2021-06-14,2026-09-12,,0
복합,7호선,강남구청역,,2021-06-14,2026-09-12,,0
복합,7호선,강남구청역,,2021-06-14,2026-09-12,,0
개별(일반),7호선,강남구청역,22.0,2019-04-19,2026-01-13,3010000.0,0
네트워크,7호선,강남구청역,57.0,2018-05-09,2023-07-07,4388000.0,0
공실,7호선,강남구청역,9.2,,,,2
개별(일반),7호선,강남구청역,28.0,2019-10-24,2024-11-22,2000000.0,0
네트워크,7호선,강남구청역,55.0,2022-10-27,2028-02-24,2288553.0,0
개별(일반),7호선,강남구청역,30.0,2023-03-03,2028-04-02,2425600.0,0
개별(일반),7호선,강남구청역,41.0,2023-03-13,2028-04-12,2676600.0,0
네트워크,7호선,강남구청역,41.0,2022-12-16,2028-04-15,1677122.0,0
네트워크,7호선,학동역,55.45,2020-02-13,2025-04-12,15504060.0,0
개별(일반),7호선,학동역,16.4,2018-08-14,2023-09-12,2106500.0,0
개별(일반),7호선,학동역,17.54,2019-12-21,2025-01-19,4680000.0,0
개별(일반),7호선,학동역,31.39,2020-02-24,2025-03-25,2683000.0,0
개별(일반),7호선,학동역,29.44,2019-09-20,2024-10-19,4001000.0,0
네트워크,7호선,학동역,58.0,2018-05-09,2023-07-07,4244489.0,0
개별(일반),7호선,학동역,68.55,2022-07-08,2027-08-07,3800000.0,0
임대진행,7호선,학동역,51.0,,,,3
임대진행,7호선,학동역,25.0,,,,3
네트워크,7호선,학동역,44.0,2022-07-18,2027-10-16,7619428.0,0
임대진행,7호선,학동역,41.0,,,,3
임대진행,7호선,학동역,42.0,,,,3
임대진행,7호선,학동역,41.0,,,,3
임대진행,7호선,학동역,21.0,,,,3
개별(일반),7호선,논현역,63.44,2019-12-10,2025-01-08,5606500.0,0
개별(일반),7호선,논현역,37.8,2022-04-28,2027-05-28,2910000.0,0
네트워크,7호선,논현역,44.65,2020-02-13,2025-04-12,13317590.0,0
개별(일반),7호선,논현역,35.0,2023-03-13,2028-04-12,2037000.0,0
개별(일반),7호선,논현역,29.0,2022-10-31,2027-11-30,2100000.0,0
네트워크,7호선,논현역,29.92,2021-09-06,2026-11-05,3906413.0,0
개별(일반),7호선,논현역,30.0,2018-02-23,2023-03-24,6820000.0,0
네트워크,7호선,논현역,23.0,2020-12-23,2026-03-23,2077017.0,0
공실,7호선,논현역,50.0,,,,2
임대진행,7호선,논현역,50.0,,,,3
공실,7호선,논현역,33.0,,,,1
공실,7호선,논현역,25.0,,,,1
임대진행,7호선,논현역,75.0,,,,3
공실,7호선,논현역,57.7,,,,2
복합,7호선,반포역,277.14,2023-03-02,2028-03-01,6005624.0,0
복합,7호선,반포역,75.48,2023-03-02,2028-03-01,2100602.0,0
복합,7호선,반포역,1260.58,2023-03-02,2028-03-01,7765174.0,0
복합,7호선,반포역,,2023-03-02,2028-03-01,,0
복합,7호선,반포역,,2023-03-02,2028-03-01,,0
복합,7호선,반포역,,2023-03-02,2028-03-01,,0
복합,7호선,반포역,,2023-03-02,2028-03-01,,0
개별(일반),7호선,반포역,40.0,2020-06-04,2025-07-04,2700000.0,0
네트워크,7호선,반포역,40.36,2020-02-13,2025-04-12,7854990.0,0
임대진행,7호선,반포역,30.0,,,,5
임대진행,7호선,반포역,43.0,,,,4
임대진행,7호선,반포역,42.0,,,,4
개별(일반),7호선,고속터미널역,556.0,2021-01-05,2026-04-05,6666600.0,0
네트워크,7호선,고속터미널역,95.0,2022-10-27,2028-02-24,3235240.0,0
개별(일반),7호선,고속터미널역,44.0,2019-06-25,2024-07-24,3020000.0,0
복합,7호선,고속터미널역,123.69,,,,0
복합,7호선,고속터미널역,,,,,0
복합,7호선,고속터미널역,,,,,0
복합,7호선,고속터미널역,44.31,,,,0
복합,7호선,고속터미널역,62.77,,,,0
복합,7호선,고속터미널역,,,,,0
복합,7호선,고속터미널역,,,,,0
개별(일반),7호선,고속터미널역,360.0,2022-08-12,2027-08-11,4750000.0,0
복합,7호선,고속터미널역,231.28,,,,0
복합,7호선,고속터미널역,,,,,0
복합,7호선,고속터미널역,,,,,0
복합,7호선,고속터미널역,,,,,0
복합,7호선,고속터미널역,376.56,,,,0
네트워크,7호선,고속터미널역,60.27,2020-02-13,2025-04-12,23453430.0,0
네트워크,7호선,고속터미널역,71.53,2021-09-06,2026-11-05,7914283.0,0
개별(일반),7호선,내방역,45.0,2022-08-26,2027-09-25,3850000.0,0
네트워크,7호선,내방역,62.21,2020-02-13,2025-04-12,15240940.0,0
개별(일반),7호선,내방역,30.78,2022-06-09,2027-07-09,2179000.0,0
임대진행,7호선,내방역,34.0,,,,3
네트워크,7호선,내방역,28.0,2022-08-01,2027-12-29,1619492.0,0
네트워크,7호선,내방역,28.0,2022-07-18,2027-10-16,3967708.0,0
개별(대형),7호선,이수역,592.0,2018-12-20,2024-04-18,10552300.0,0
개별(일반),7호선,이수역,48.0,2022-05-04,2027-06-03,540000.0,0
공실,7호선,이수역,51.0,,,,2
공실,7호선,이수역,51.0,,,,1
네트워크,7호선,이수역,62.03,2022-12-16,2028-04-15,6522657.0,0
임대진행,7호선,이수역,129.35,,,,4
네트워크,7호선,이수역,54.05,2020-02-13,2025-04-12,14677520.0,0
개별(일반),7호선,이수역,9.84,2020-03-02,2025-04-01,2250000.0,0
네트워크,7호선,이수역,27.22,2021-02-25,2026-04-26,4532176.0,0
공실,7호선,이수역,74.41,,,,2
네트워크,7호선,이수역,22.5,2018-11-27,2024-01-25,1865751.0,0
공실,7호선,이수역,35.0,,,,1
공실,7호선,이수역,25.0,,,,2
네트워크,7호선,남성역,45.25,2020-02-13,2025-04-12,9788350.0,0
네트워크,7호선,남성역,15.0,2023-02-27,2028-05-28,7166003.0,0
공실,7호선,남성역,50.0,,,,2
네트워크,7호선,숭실대입구역,39.29,2020-02-13,2025-04-12,9835540.0,0
네트워크,7호선,숭실대입구역,22.02,2021-09-06,2026-11-05,3552070.0,0
네트워크,7호선,숭실대입구역,37.0,2018-05-09,2023-07-07,2373626.0,0
네트워크,7호선,숭실대입구역,35.7,2022-08-01,2027-12-29,1781442.0,0
개별(일반),7호선,숭실대입구역,42.0,2018-11-20,2023-12-19,1300000.0,0
임대진행,7호선,숭실대입구역,28.0,,,,3
공실,7호선,숭실대입구역,30.0,,,,2
공실,7호선,숭실대입구역,116.0,,,,1
네트워크,7호선,상도역,112.57,2020-02-13,2025-04-12,21907600.0,0
임대진행,7호선,상도역,25.2,,,,4
네트워크,7호선,상도역,50.0,2022-12-16,2028-04-15,2266228.0,0
공실,7호선,상도역,34.0,,,,1
네트워크,7호선,상도역,26.0,2023-02-27,2028-05-28,3015091.0,0
네트워크,7호선,장승배기역,36.18,2020-02-13,2025-04-12,8185320.0,0
개별(일반),7호선,장승배기역,35.52,2019-06-25,2024-07-24,2710000.0,0
네트워크,7호선,신대방삼거리역,51.49,2020-02-13,2025-04-12,13025870.0,0
개별(일반),7호선,신대방삼거리역,55.0,2022-09-01,2027-10-01,2801000.0,0
네트워크,7호선,신대방삼거리역,25.06,2018-05-09,2023-07-07,1607650.0,0
개별(일반),7호선,신대방삼거리역,34.0,2018-08-14,2023-09-12,1818300.0,0
개별(일반),7호선,신대방삼거리역,61.0,2022-09-23,2027-10-23,2428100.0,0
임대진행,7호선,신대방삼거리역,49.0,,,,4
개별(일반),7호선,신대방삼거리역,27.0,2022-10-31,2027-11-30,1139500.0,0
네트워크,7호선,신대방삼거리역,42.0,2022-08-01,2027-12-29,1762389.0,0
네트워크,7호선,신대방삼거리역,42.0,2022-06-20,2027-08-19,1771200.0,0
네트워크,7호선,신대방삼거리역,42.0,2022-09-07,2028-02-04,1826025.0,0
네트워크,7호선,보라매역,27.58,2020-02-13,2025-04-12,6309160.0,0
네트워크,7호선,보라매역,38.0,2022-07-18,2027-10-16,3799002.0,0
네트워크,7호선,보라매역,39.0,2022-08-01,2027-12-29,1857653.0,0
공실,7호선,보라매역,32.0,,,,2
개별(일반),7호선,신풍역,30.0,2019-12-17,2025-01-15,2020000.0,0
네트워크,7호선,신풍역,32.82,2020-02-13,2025-04-12,8322600.0,0
공실,7호선,신풍역,47.0,,,,2
네트워크,7호선,신풍역,40.0,2022-12-30,2028-05-29,1671195.0,0
네트워크,7호선,신풍역,45.0,2022-12-30,2028-05-29,,0
네트워크,7호선,신풍역,45.0,2022-12-30,2028-05-29,,0
네트워크,7호선,신풍역,30.0,2022-12-30,2028-05-29,,0
임대진행,7호선,신풍역,30.0,,,,4
복합,7호선,대림역,41.1,2017-05-22,2027-09-19,18124700.0,0
네트워크,7호선,대림역,21.05,2020-12-23,2026-03-23,3920862.0,0
개별(일반),7호선,대림역,22.0,2018-04-21,2023-05-20,7222000.0,0
공실,7호선,대림역,22.0,,,,1
네트워크,7호선,대림역,49.58,2018-11-27,2024-01-25,6370659.0,0
개별(일반),7호선,대림역,44.74,2020-06-08,2025-07-08,6600000.0,0
복합,7호선,대림역,68.0,2017-05-22,2027-09-19,12446500.0,0
네트워크,7호선,대림역,29.51,2020-02-13,2025-04-12,13230360.0,0
네트워크,7호선,대림역,39.0,2022-12-16,2028-04-15,3349711.0,0
네트워크,7호선,대림역,39.0,2022-10-27,2028-02-24,2515781.0,0
개별(일반),7호선,대림역,30.0,2023-03-06,2028-04-05,1721000.0,0
네트워크,7호선,남구로역,33.67,2020-02-13,2025-04-12,8428420.0,0
개별(일반),7호선,남구로역,40.0,2023-03-03,2028-04-02,2000000.0,0
공실,7호선,남구로역,32.0,,,,2
공실,7호선,남구로역,69.14,,,,1
개별(일반),7호선,남구로역,22.0,2023-03-03,2028-04-02,1700000.0,0
개별(일반),7호선,남구로역,43.0,2023-03-14,2028-04-13,1310000.0,0
임대진행,7호선,가산디지털단지역,31.71,,,,4
개별(일반),7호선,가산디지털단지역,34.0,2018-09-28,2023-10-27,7512000.0,0
네트워크,7호선,가산디지털단지역,69.0,2022-09-06,2028-01-04,975346.0,0
네트워크,7호선,가산디지털단지역,41.97,2018-11-27,2024-01-25,3747959.0,0
네트워크,7호선,가산디지털단지역,35.8,2020-02-13,2025-04-12,16485040.0,0
네트워크,7호선,철산역,36.61,2020-02-13,2025-04-12,12851410.0,0
복합,7호선,철산역,30.0,2016-05-02,2023-06-06,20050000.0,0
복합,7호선,철산역,18.0,2016-05-02,2023-06-06,,0
복합,7호선,철산역,63.0,2016-05-02,2023-06-06,,0
복합,7호선,철산역,71.0,2016-05-02,2023-06-06,,0
복합,7호선,철산역,42.0,2016-05-02,2023-06-06,,0
네트워크,7호선,광명사거리역,45.74,2021-02-25,2026-04-26,5844784.0,0
네트워크,7호선,광명사거리역,34.27,2020-02-13,2025-04-12,12292280.0,0
네트워크,7호선,광명사거리역,13.0,2022-08-30,2028-01-27,1204446.0,0
네트워크,7호선,광명사거리역,37.17,2020-12-23,2026-03-23,3849143.0,0
네트워크,7호선,광명사거리역,37.0,2022-09-07,2028-02-04,3131488.0,0
네트워크,7호선,광명사거리역,40.0,2022-10-21,2028-02-18,3897086.0,0
네트워크,7호선,광명사거리역,40.0,2022-12-02,2028-04-01,3079874.0,0
네트워크,7호선,광명사거리역,41.0,2022-12-16,2028-04-15,2708482.0,0
네트워크,7호선,천왕역,36.93,2020-02-13,2025-04-12,6160440.0,0
개별(일반),7호선,천왕역,900.39,2016-09-12,2027-03-10,1313400.0,0
개별(일반),7호선,온수역,13.5,2021-03-19,2026-04-18,2040000.0,0
개별(일반),7호선,온수역,23.1,2018-10-23,2023-11-21,3200000.0,0
네트워크,7호선,온수역,29.81,2020-02-13,2025-04-12,6966960.0,0
개별(일반),7호선,온수역,41.0,2023-03-10,2028-04-09,2019300.0,0
개별(일반),7호선,온수역,35.0,2021-12-21,2027-01-20,795000.0,0
임대진행,8호선,암사역,36.54,,,,3
네트워크,8호선,암사역,24.0,2018-05-12,2023-07-10,1853755.0,0
네트워크,8호선,암사역,35.0,2022-02-03,2027-05-04,10014441.0,0
개별(일반),8호선,암사역,27.37,2020-12-31,2026-01-30,2150000.0,0
네트워크,8호선,암사역,46.46,2022-09-07,2028-02-04,2908701.0,0
네트워크,8호선,강동구청역,30.0,2022-02-03,2027-05-04,6354679.0,0
개별(일반),8호선,강동구청역,36.96,2022-08-29,2027-09-28,1833000.0,0
개별(일반),8호선,강동구청역,37.45,2022-10-31,2027-11-30,2240000.0,0
개별(일반),8호선,강동구청역,46.69,2020-06-10,2025-07-10,2500000.0,0
네트워크,8호선,몽촌토성역,36.0,2022-02-03,2027-05-04,5389832.0,0
복합,8호선,잠실역,191.0,2022-10-08,2026-04-10,157003070.0,0
복합,8호선,잠실역,118.0,2022-10-08,2026-04-10,,0
복합,8호선,잠실역,16.0,2022-10-08,2026-04-10,,0
복합,8호선,잠실역,225.0,2022-10-08,2026-04-10,,0
복합,8호선,잠실역,52.0,2022-10-08,2026-04-10,,0
복합,8호선,잠실역,708.0,2022-10-08,2026-04-10,,0
복합,8호선,잠실역,40.0,2022-10-08,2026-04-10,,0
복합,8호선,잠실역,48.0,2022-10-08,2026-04-10,,0
복합,8호선,잠실역,24.0,2022-10-08,2026-04-10,,0
복합,8호선,잠실역,144.0,2022-10-08,2026-04-10,,0
복합,8호선,잠실역,24.0,2022-10-08,2026-04-10,,0
복합,8호선,잠실역,48.0,2022-10-08,2026-04-10,,0
복합,8호선,잠실역,14.23,2022-10-08,2026-04-10,,0
복합,8호선,잠실역,26.0,2022-10-08,2026-04-10,,0
복합,8호선,잠실역,56.0,2022-10-08,2026-04-10,,0
복합,8호선,잠실역,56.0,2022-10-08,2026-04-10,,0
복합,8호선,잠실역,56.0,2022-10-08,2026-04-10,,0
복합,8호선,잠실역,45.0,2022-10-08,2026-04-10,,0
복합,8호선,잠실역,48.0,2022-10-08,2026-04-10,,0
복합,8호선,잠실역,20.0,2022-10-08,2026-04-10,,0
복합,8호선,잠실역,20.0,2022-10-08,2026-04-10,,0
복합,8호선,잠실역,20.0,2022-10-08,2026-04-10,,0
개별(일반),8호선,잠실역,28.6,2022-12-14,2028-01-13,8200000.0,0
복합,8호선,잠실역,29.0,2022-10-08,2026-04-10,,0
복합,8호선,잠실역,13.5,2022-10-08,2026-04-10,,0
복합,8호선,잠실역,9.36,2022-10-08,2026-04-10,,0
개별(일반),8호선,석촌역,30.0,2022-02-05,2027-03-04,2500000.0,0
네트워크,8호선,석촌역,38.0,2022-02-03,2027-05-04,7290691.0,0
개별(일반),8호선,송파역,17.87,,,,0
네트워크,8호선,송파역,32.2,2022-02-03,2027-05-04,3999566.0,0
임대진행,8호선,가락시장역,30.44,,,,3
네트워크,8호선,가락시장역,33.0,2022-02-03,2027-05-04,5233461.0,0
개별(일반),8호선,가락시장역,52.16,2019-04-09,2024-05-08,4099800.0,0
개별(일반),8호선,가락시장역,19.84,2020-02-11,2025-03-11,1012000.0,0
개별(일반),8호선,가락시장역,24.61,2019-12-18,2025-01-16,2186000.0,0
네트워크,8호선,문정역,30.0,2022-02-03,2027-05-04,3992468.0,0
네트워크,8호선,장지역,35.2,2022-02-03,2027-05-04,8275943.0,0
임대진행,8호선,장지역,38.82,,,,3
개별(일반),8호선,장지역,12.85,2020-08-03,2025-09-02,2500000.0,0
공실,8호선,장지역,251.23,,,,2
네트워크,8호선,복정역,50.0,2022-02-03,2027-05-04,6487761.0,0
네트워크,8호선,산성역,30.0,2022-02-03,2027-05-04,4358445.0,0
개별(일반),8호선,남한산성입구역,34.32,2021-05-13,2026-06-12,2300000.0,0
네트워크,8호선,남한산성입구역,36.0,2022-02-03,2027-05-04,8863280.0,0
개별(일반),8호선,남한산성입구역,22.09,2019-12-10,2025-01-08,1590000.0,0
네트워크,8호선,남한산성입구역,54.76,2022-05-02,2027-07-31,2155500.0,0
네트워크,8호선,남한산성입구역,34.18,2018-05-09,2023-07-07,1977511.0,0
개별(일반),8호선,남한산성입구역,17.0,2022-04-28,2027-05-28,1200000.0,0
개별(일반),8호선,단대오거리역,36.78,2021-01-21,2026-02-20,1700000.0,0
네트워크,8호선,단대오거리역,32.5,2022-02-03,2027-05-04,6235459.0,0
개별(일반),8호선,단대오거리역,54.03,2018-08-31,2023-09-29,7630000.0,0
개별(일반),8호선,단대오거리역,75.09,2021-03-18,2026-04-17,3780000.0,0
네트워크,8호선,신흥역,40.0,2022-02-03,2027-05-04,4391715.0,0
네트워크,8호선,수진역,40.0,2022-02-03,2027-05-04,4036829.0,0
네트워크,8호선,모란역,50.0,2022-02-03,2027-05-04,3770665.0,0
